lot_id,wafer_id,device_id,test_num,test_name,test_type,result,measured_value,lower_limit,upper_limit,units,bin,test_time_ms
LOT001,W01,D0000,1,TEST_1,parametric,pass,99.27954835211035,80,120,mV,1,34.75263865322073
LOT001,W01,D0000,2,TEST_2,parametric,pass,109.1354819983424,90,130,mV,1,30.08896643339405
LOT001,W01,D0000,3,TEST_3,parametric,pass,119.36205858108556,100,140,mV,1,90.29616109343608
LOT001,W01,D0000,4,TEST_4,parametric,pass,122.51323292829521,110,150,mV,1,17.824494936647454
LOT001,W01,D0000,5,TEST_5,parametric,pass,138.915206579274,120,160,mV,1,29.6774177323243
LOT001,W01,D0000,6,TEST_6,parametric,pass,150.57942393350427,130,170,mV,1,55.481975929302614
LOT001,W01,D0000,7,TEST_7,parametric,pass,163.28318253399334,140,180,mV,1,68.48959940015709
LOT001,W01,D0000,8,TEST_8,functional,pass,,,,,1,29.839655983662702
LOT001,W01,D0000,9,TEST_9,functional,pass,,,,,1,82.84874110100439
LOT001,W01,D0000,10,TEST_10,functional,fail,,,,,4,72.83254554894042
LOT001,W01,D0001,1,TEST_1,parametric,pass,100.55253588721916,80,120,mV,1,40.62254648661927
LOT001,W01,D0001,2,TEST_2,parametric,pass,117.02448351984226,90,130,mV,1,40.29350906013641
LOT001,W01,D0001,3,TEST_3,parametric,pass,130.4034976667167,100,140,mV,1,18.347125904213314
LOT001,W01,D0001,4,TEST_4,parametric,pass,137.96078046005027,110,150,mV,1,64.3353428230202
LOT001,W01,D0001,5,TEST_5,parametric,pass,145.53657489324752,120,160,mV,1,82.64154459469422
LOT001,W01,D0001,6,TEST_6,parametric,pass,149.21279312114908,130,170,mV,1,97.58041875814335
LOT001,W01,D0001,7,TEST_7,parametric,pass,153.85195750409952,140,180,mV,1,44.068093948751816
LOT001,W01,D0001,8,TEST_8,functional,pass,,,,,1,84.64641978276954
LOT001,W01,D0001,9,TEST_9,functional,pass,,,,,1,87.55362102796995
LOT001,W01,D0001,10,TEST_10,functional,pass,,,,,1,73.41146525934312
LOT001,W01,D0002,1,TEST_1,parametric,pass,103.44807085010275,80,120,mV,1,36.04491672418965
LOT001,W01,D0002,2,TEST_2,parametric,pass,111.02115421461693,90,130,mV,1,17.181277923126473
LOT001,W01,D0002,3,TEST_3,parametric,pass,120.2489993530214,100,140,mV,1,35.01762427990829
LOT001,W01,D0002,4,TEST_4,parametric,pass,132.29383762454296,110,150,mV,1,67.21159998379602
LOT001,W01,D0002,5,TEST_5,parametric,pass,136.82426713314845,120,160,mV,1,28.855632769433893
LOT001,W01,D0002,6,TEST_6,parametric,pass,153.60982801127992,130,170,mV,1,34.0280039844202
LOT001,W01,D0002,7,TEST_7,parametric,pass,166.66092538151938,140,180,mV,1,64.82179051002893
LOT001,W01,D0002,8,TEST_8,functional,pass,,,,,1,75.62141181553143
LOT001,W01,D0002,9,TEST_9,functional,pass,,,,,1,44.1509897581883
LOT001,W01,D0002,10,TEST_10,functional,pass,,,,,1,67.59997838686836
LOT001,W01,D0003,1,TEST_1,parametric,pass,97.19940991983393,80,120,mV,1,60.12547693971816
LOT001,W01,D0003,2,TEST_2,parametric,pass,106.15838333164074,90,130,mV,1,79.83999203916203
LOT001,W01,D0003,3,TEST_3,parametric,pass,111.18125189690966,100,140,mV,1,30.614326476769392
LOT001,W01,D0003,4,TEST_4,parametric,pass,134.26490616907154,110,150,mV,1,34.09667883781324
LOT001,W01,D0003,5,TEST_5,parametric,pass,140.87205363765588,120,160,mV,1,28.988455922769383
LOT001,W01,D0003,6,TEST_6,parametric,pass,159.57288355863355,130,170,mV,1,38.32100927186301
LOT001,W01,D0003,7,TEST_7,parametric,pass,156.41084373446375,140,180,mV,1,68.9894798765392
LOT001,W01,D0003,8,TEST_8,functional,pass,,,,,1,92.30928307664891
LOT001,W01,D0003,9,TEST_9,functional,pass,,,,,1,33.83921498482472
LOT001,W01,D0003,10,TEST_10,functional,pass,,,,,1,60.52313207468357
LOT001,W01,D0004,1,TEST_1,parametric,pass,99.469981581809,80,120,mV,1,90.80405952422292
LOT001,W01,D0004,2,TEST_2,parametric,pass,116.6062896229498,90,130,mV,1,45.94604546263575
LOT001,W01,D0004,3,TEST_3,parametric,pass,123.31995124589251,100,140,mV,1,55.857366430881804
LOT001,W01,D0004,4,TEST_4,parametric,pass,147.00908567074728,110,150,mV,1,18.18184709564145
LOT001,W01,D0004,5,TEST_5,parametric,pass,142.30494087207586,120,160,mV,1,66.47014375327811
LOT001,W01,D0004,6,TEST_6,parametric,pass,150.70301528824058,130,170,mV,1,81.28714279266677
LOT001,W01,D0004,7,TEST_7,parametric,pass,158.40081599564533,140,180,mV,1,44.34573578558831
LOT001,W01,D0004,8,TEST_8,functional,pass,,,,,1,57.620291058922334
LOT001,W01,D0004,9,TEST_9,functional,pass,,,,,1,87.47017320110483
LOT001,W01,D0004,10,TEST_10,functional,fail,,,,,3,71.35393321239172
LOT001,W01,D0005,1,TEST_1,parametric,pass,100.85110377527697,80,120,mV,1,58.32732973679156
LOT001,W01,D0005,2,TEST_2,parametric,pass,109.24484724230582,90,130,mV,1,20.03969562362888
LOT001,W01,D0005,3,TEST_3,parametric,pass,127.11660513083592,100,140,mV,1,49.12887256021945
LOT001,W01,D0005,4,TEST_4,parametric,pass,118.12063713454401,110,150,mV,1,88.82676463403746
LOT001,W01,D0005,5,TEST_5,parametric,pass,143.5548210228502,120,160,mV,1,33.70501456759817
LOT001,W01,D0005,6,TEST_6,parametric,pass,146.86307816909803,130,170,mV,1,92.13650554103384
LOT001,W01,D0005,7,TEST_7,parametric,pass,159.9884477409321,140,180,mV,1,88.34667128530901
LOT001,W01,D0005,8,TEST_8,functional,pass,,,,,1,67.50545453794047
LOT001,W01,D0005,9,TEST_9,functional,pass,,,,,1,23.755534169467133
LOT001,W01,D0005,10,TEST_10,functional,pass,,,,,1,58.54411271076631
LOT001,W01,D0006,1,TEST_1,parametric,pass,101.09972715075007,80,120,mV,1,10.051470651514915
LOT001,W01,D0006,2,TEST_2,parametric,pass,103.95191201513182,90,130,mV,1,39.17404513042058
LOT001,W01,D0006,3,TEST_3,parametric,pass,131.41715733423877,100,140,mV,1,89.08496900408657
LOT001,W01,D0006,4,TEST_4,parametric,pass,131.40420256765518,110,150,mV,1,84.84989764250615
LOT001,W01,D0006,5,TEST_5,parametric,pass,139.38930328239067,120,160,mV,1,89.02086392836365
LOT001,W01,D0006,6,TEST_6,parametric,pass,151.61572827007052,130,170,mV,1,95.22545007681947
LOT001,W01,D0006,7,TEST_7,parametric,pass,164.9530983990441,140,180,mV,1,16.229126662154524
LOT001,W01,D0006,8,TEST_8,functional,pass,,,,,1,78.92509863762889
LOT001,W01,D0006,9,TEST_9,functional,pass,,,,,1,52.77541402888582
LOT001,W01,D0006,10,TEST_10,functional,pass,,,,,1,33.85509660460532
LOT001,W01,D0007,1,TEST_1,parametric,pass,102.95677006907958,80,120,mV,1,88.51897369767318
LOT001,W01,D0007,2,TEST_2,parametric,pass,106.94487586007577,90,130,mV,1,58.53664799015125
LOT001,W01,D0007,3,TEST_3,parametric,pass,121.60195922602557,100,140,mV,1,75.69379621809786
LOT001,W01,D0007,4,TEST_4,parametric,pass,131.3057394004555,110,150,mV,1,99.56344209948053
LOT001,W01,D0007,5,TEST_5,parametric,pass,144.11980006259753,120,160,mV,1,68.48902518755082
LOT001,W01,D0007,6,TEST_6,parametric,pass,144.41377560469556,130,170,mV,1,20.890377628143916
LOT001,W01,D0007,7,TEST_7,parametric,pass,162.2892519974577,140,180,mV,1,30.222760332840163
LOT001,W01,D0007,8,TEST_8,functional,pass,,,,,1,62.947784661151
LOT001,W01,D0007,9,TEST_9,functional,pass,,,,,1,29.81956460064035
LOT001,W01,D0007,10,TEST_10,functional,pass,,,,,1,66.7992661543089
LOT001,W01,D0008,1,TEST_1,parametric,pass,101.43258013990885,80,120,mV,1,87.36718602283719
LOT001,W01,D0008,2,TEST_2,parametric,pass,120.76397617550262,90,130,mV,1,16.37716148997881
LOT001,W01,D0008,3,TEST_3,parametric,pass,120.55983518791516,100,140,mV,1,29.281312663339474
LOT001,W01,D0008,4,TEST_4,parametric,pass,137.4138433421857,110,150,mV,1,21.908066385252248
LOT001,W01,D0008,5,TEST_5,parametric,pass,145.9786572016608,120,160,mV,1,52.540392368061475
LOT001,W01,D0008,6,TEST_6,parametric,pass,147.43570694886586,130,170,mV,1,80.6157481861678
LOT001,W01,D0008,7,TEST_7,parametric,pass,161.14867397261983,140,180,mV,1,18.7237732805941
LOT001,W01,D0008,8,TEST_8,functional,pass,,,,,1,48.12207607179287
LOT001,W01,D0008,9,TEST_9,functional,pass,,,,,1,75.61682645138656
LOT001,W01,D0008,10,TEST_10,functional,pass,,,,,1,98.57486902293695
LOT001,W01,D0009,1,TEST_1,parametric,pass,96.95994910719592,80,120,mV,1,18.8576084036763
LOT001,W01,D0009,2,TEST_2,parametric,pass,106.27358550405066,90,130,mV,1,87.55052827175119
LOT001,W01,D0009,3,TEST_3,parametric,pass,122.61472793448374,100,140,mV,1,32.37907005282571
LOT001,W01,D0009,4,TEST_4,parametric,pass,132.00176095267338,110,150,mV,1,47.96934758509638
LOT001,W01,D0009,5,TEST_5,parametric,pass,145.0753246809622,120,160,mV,1,35.06906302002464
LOT001,W01,D0009,6,TEST_6,parametric,pass,150.01377875240652,130,170,mV,1,49.88176705481113
LOT001,W01,D0009,7,TEST_7,parametric,pass,171.3300515532544,140,180,mV,1,87.52141942856476
LOT001,W01,D0009,8,TEST_8,functional,pass,,,,,1,14.552949657239312
LOT001,W01,D0009,9,TEST_9,functional,pass,,,,,1,85.24248265719567
LOT001,W01,D0009,10,TEST_10,functional,pass,,,,,1,93.37302847073148
LOT001,W01,D0010,1,TEST_1,parametric,pass,101.75256020674055,80,120,mV,1,53.707701290564664
LOT001,W01,D0010,2,TEST_2,parametric,pass,107.54576249162554,90,130,mV,1,29.23725692792635
LOT001,W01,D0010,3,TEST_3,parametric,pass,118.5871423732545,100,140,mV,1,44.10758070792245
LOT001,W01,D0010,4,TEST_4,parametric,pass,131.01245791993213,110,150,mV,1,98.67779594017533
LOT001,W01,D0010,5,TEST_5,parametric,pass,139.1650154560936,120,160,mV,1,50.9507530605229
LOT001,W01,D0010,6,TEST_6,parametric,pass,158.71452753116995,130,170,mV,1,48.07067373911466
LOT001,W01,D0010,7,TEST_7,parametric,pass,175.82471050738442,140,180,mV,1,60.01914910650564
LOT001,W01,D0010,8,TEST_8,functional,pass,,,,,1,23.931714274665772
LOT001,W01,D0010,9,TEST_9,functional,pass,,,,,1,97.1838428472243
LOT001,W01,D0010,10,TEST_10,functional,pass,,,,,1,58.797568123684684
LOT001,W01,D0011,1,TEST_1,parametric,pass,95.65135408446855,80,120,mV,1,77.31780043411577
LOT001,W01,D0011,2,TEST_2,parametric,pass,116.20111347400879,90,130,mV,1,55.25653446275622
LOT001,W01,D0011,3,TEST_3,parametric,pass,122.32831326585645,100,140,mV,1,86.74479028434568
LOT001,W01,D0011,4,TEST_4,parametric,pass,136.99084045661064,110,150,mV,1,17.21003187165282
LOT001,W01,D0011,5,TEST_5,parametric,pass,150.63274068475218,120,160,mV,1,26.724246488265088
LOT001,W01,D0011,6,TEST_6,parametric,pass,143.79897166007135,130,170,mV,1,31.168350550083808
LOT001,W01,D0011,7,TEST_7,parametric,pass,155.78378563016247,140,180,mV,1,20.789795255241177
LOT001,W01,D0011,8,TEST_8,functional,pass,,,,,1,32.159381300976236
LOT001,W01,D0011,9,TEST_9,functional,pass,,,,,1,65.74433592988927
LOT001,W01,D0011,10,TEST_10,functional,pass,,,,,1,62.53050603621023
LOT001,W01,D0012,1,TEST_1,parametric,pass,88.4385944697717,80,120,mV,1,28.38332794811828
LOT001,W01,D0012,2,TEST_2,parametric,pass,108.33360987195253,90,130,mV,1,74.45726207104734
LOT001,W01,D0012,3,TEST_3,parametric,pass,120.35649837525486,100,140,mV,1,70.45212006639741
LOT001,W01,D0012,4,TEST_4,parametric,pass,135.00641969757055,110,150,mV,1,36.999737181888605
LOT001,W01,D0012,5,TEST_5,parametric,pass,136.62803480781267,120,160,mV,1,16.52888030438416
LOT001,W01,D0012,6,TEST_6,parametric,pass,157.63667890950916,130,170,mV,1,51.24569703567275
LOT001,W01,D0012,7,TEST_7,parametric,pass,176.65134431780885,140,180,mV,1,16.59346489896697
LOT001,W01,D0012,8,TEST_8,functional,pass,,,,,1,33.86803732753612
LOT001,W01,D0012,9,TEST_9,functional,pass,,,,,1,89.27777563177956
LOT001,W01,D0012,10,TEST_10,functional,pass,,,,,1,43.25743798649955
LOT001,W01,D0013,1,TEST_1,parametric,pass,99.83829313736925,80,120,mV,1,24.197214912150876
LOT001,W01,D0013,2,TEST_2,parametric,pass,113.91591607521023,90,130,mV,1,65.05099891533551
LOT001,W01,D0013,3,TEST_3,parametric,pass,113.2577646509331,100,140,mV,1,98.85097572683539
LOT001,W01,D0013,4,TEST_4,parametric,pass,129.6444426832939,110,150,mV,1,83.53937216039155
LOT001,W01,D0013,5,TEST_5,parametric,pass,139.4839841048016,120,160,mV,1,36.944087697998015
LOT001,W01,D0013,6,TEST_6,parametric,pass,143.8788116204697,130,170,mV,1,22.086200295403096
LOT001,W01,D0013,7,TEST_7,parametric,pass,149.88477471210325,140,180,mV,1,20.388580337719198
LOT001,W01,D0013,8,TEST_8,functional,pass,,,,,1,59.79012767963343
LOT001,W01,D0013,9,TEST_9,functional,pass,,,,,1,64.43468443272016
LOT001,W01,D0013,10,TEST_10,functional,pass,,,,,1,28.323758109470763
LOT001,W01,D0014,1,TEST_1,parametric,pass,97.39710778348216,80,120,mV,1,53.96786669344389
LOT001,W01,D0014,2,TEST_2,parametric,pass,107.07594177647303,90,130,mV,1,91.48028419713908
LOT001,W01,D0014,3,TEST_3,parametric,pass,121.24942795881083,100,140,mV,1,48.12181953073537
LOT001,W01,D0014,4,TEST_4,parametric,pass,128.1886709455895,110,150,mV,1,34.90122015750265
LOT001,W01,D0014,5,TEST_5,parametric,pass,148.58435293773846,120,160,mV,1,67.34020395712417
LOT001,W01,D0014,6,TEST_6,parametric,pass,150.1912757625249,130,170,mV,1,33.575973619091336
LOT001,W01,D0014,7,TEST_7,parametric,pass,159.6512178092742,140,180,mV,1,48.49182270826114
LOT001,W01,D0014,8,TEST_8,functional,fail,,,,,3,95.05458451419751
LOT001,W01,D0014,9,TEST_9,functional,pass,,,,,1,23.414885693066758
LOT001,W01,D0014,10,TEST_10,functional,fail,,,,,7,62.42586098408146
LOT001,W01,D0015,1,TEST_1,parametric,pass,93.67617214479279,80,120,mV,1,23.32844070107344
LOT001,W01,D0015,2,TEST_2,parametric,pass,112.98838884645126,90,130,mV,1,90.9083339868331
LOT001,W01,D0015,3,TEST_3,parametric,pass,123.08166653914654,100,140,mV,1,81.65100743992376
LOT001,W01,D0015,4,TEST_4,parametric,pass,136.8598918612814,110,150,mV,1,28.906888450577863
LOT001,W01,D0015,5,TEST_5,parametric,pass,131.78195114271384,120,160,mV,1,32.457676530063196
LOT001,W01,D0015,6,TEST_6,parametric,pass,156.94957227485963,130,170,mV,1,89.5721231305908
LOT001,W01,D0015,7,TEST_7,parametric,pass,165.23796309809688,140,180,mV,1,46.57396508489051
LOT001,W01,D0015,8,TEST_8,functional,pass,,,,,1,23.90980044989842
LOT001,W01,D0015,9,TEST_9,functional,pass,,,,,1,87.81451265979676
LOT001,W01,D0015,10,TEST_10,functional,pass,,,,,1,82.96945479463572
LOT001,W01,D0016,1,TEST_1,parametric,pass,100.82341049191426,80,120,mV,1,76.29080245795738
LOT001,W01,D0016,2,TEST_2,parametric,pass,109.240440284739,90,130,mV,1,39.89669211517858
LOT001,W01,D0016,3,TEST_3,parametric,pass,128.164684960602,100,140,mV,1,87.76576255377515
LOT001,W01,D0016,4,TEST_4,parametric,pass,126.20899146479408,110,150,mV,1,82.967438491695
LOT001,W01,D0016,5,TEST_5,parametric,pass,139.07267683272894,120,160,mV,1,19.72860637626614
LOT001,W01,D0016,6,TEST_6,parametric,pass,158.7493552749471,130,170,mV,1,88.49501046154808
LOT001,W01,D0016,7,TEST_7,parametric,pass,162.2365302097966,140,180,mV,1,83.4927945037236
LOT001,W01,D0016,8,TEST_8,functional,pass,,,,,1,37.467178060474055
LOT001,W01,D0016,9,TEST_9,functional,pass,,,,,1,30.483593866699334
LOT001,W01,D0016,10,TEST_10,functional,fail,,,,,5,45.86193807083051
LOT001,W01,D0017,1,TEST_1,parametric,pass,97.24731912283131,80,120,mV,1,35.074275492070356
LOT001,W01,D0017,2,TEST_2,parametric,pass,117.8080697167842,90,130,mV,1,41.6031516174477
LOT001,W01,D0017,3,TEST_3,parametric,pass,123.63954787830077,100,140,mV,1,55.846510797523365
LOT001,W01,D0017,4,TEST_4,parametric,pass,125.87227903199545,110,150,mV,1,39.80348813929663
LOT001,W01,D0017,5,TEST_5,parametric,pass,131.29664435668906,120,160,mV,1,12.48404816076723
LOT001,W01,D0017,6,TEST_6,parametric,pass,152.7861388560827,130,170,mV,1,62.253076036483705
LOT001,W01,D0017,7,TEST_7,parametric,pass,157.28433060389585,140,180,mV,1,98.51955155947785
LOT001,W01,D0017,8,TEST_8,functional,fail,,,,,8,41.11184005118203
LOT001,W01,D0017,9,TEST_9,functional,pass,,,,,1,49.275449548354715
LOT001,W01,D0017,10,TEST_10,functional,pass,,,,,1,20.40812056263974
LOT001,W01,D0018,1,TEST_1,parametric,pass,102.62066601394078,80,120,mV,1,13.994788034190798
LOT001,W01,D0018,2,TEST_2,parametric,pass,108.08348648081385,90,130,mV,1,49.245176390947506
LOT001,W01,D0018,3,TEST_3,parametric,pass,111.00851413207876,100,140,mV,1,71.81714322230741
LOT001,W01,D0018,4,TEST_4,parametric,pass,128.86868262652953,110,150,mV,1,94.6236808357798
LOT001,W01,D0018,5,TEST_5,parametric,pass,139.73051841806543,120,160,mV,1,48.81676596624882
LOT001,W01,D0018,6,TEST_6,parametric,pass,146.69854648028343,130,170,mV,1,95.39870373741829
LOT001,W01,D0018,7,TEST_7,parametric,pass,166.1375994536033,140,180,mV,1,69.70487286389898
LOT001,W01,D0018,8,TEST_8,functional,pass,,,,,1,91.00421515873822
LOT001,W01,D0018,9,TEST_9,functional,pass,,,,,1,70.02036136951567
LOT001,W01,D0018,10,TEST_10,functional,pass,,,,,1,72.74875727749591
LOT001,W01,D0019,1,TEST_1,parametric,pass,96.6644351045095,80,120,mV,1,59.89712299001143
LOT001,W01,D0019,2,TEST_2,parametric,pass,112.64223637187084,90,130,mV,1,44.12307494102876
LOT001,W01,D0019,3,TEST_3,parametric,pass,126.90574349473577,100,140,mV,1,77.3321104143001
LOT001,W01,D0019,4,TEST_4,parametric,pass,132.9807792617348,110,150,mV,1,46.54676518823466
LOT001,W01,D0019,5,TEST_5,parametric,pass,145.76277072849723,120,160,mV,1,85.03526523736518
LOT001,W01,D0019,6,TEST_6,parametric,pass,148.85938495688328,130,170,mV,1,80.71829447298221
LOT001,W01,D0019,7,TEST_7,parametric,pass,163.23985766213514,140,180,mV,1,64.59954134317863
LOT001,W01,D0019,8,TEST_8,functional,pass,,,,,1,49.760741515415766
LOT001,W01,D0019,9,TEST_9,functional,pass,,,,,1,56.005659718712835
LOT001,W01,D0019,10,TEST_10,functional,pass,,,,,1,96.38488033147325
LOT001,W01,D0020,1,TEST_1,parametric,pass,99.35402448153697,80,120,mV,1,35.54077644937247
LOT001,W01,D0020,2,TEST_2,parametric,pass,102.69558519763729,90,130,mV,1,69.74684526744988
LOT001,W01,D0020,3,TEST_3,parametric,pass,118.37900949316479,100,140,mV,1,95.67996962072277
LOT001,W01,D0020,4,TEST_4,parametric,pass,128.49189493886854,110,150,mV,1,31.138173867401555
LOT001,W01,D0020,5,TEST_5,parametric,pass,136.64144553463368,120,160,mV,1,23.261856602119543
LOT001,W01,D0020,6,TEST_6,parametric,pass,158.41785333081228,130,170,mV,1,14.159234628348258
LOT001,W01,D0020,7,TEST_7,parametric,pass,166.83844717866495,140,180,mV,1,79.16404051001771
LOT001,W01,D0020,8,TEST_8,functional,pass,,,,,1,89.75232181458834
LOT001,W01,D0020,9,TEST_9,functional,pass,,,,,1,74.65113239490897
LOT001,W01,D0020,10,TEST_10,functional,pass,,,,,1,45.96875765888839
LOT001,W01,D0021,1,TEST_1,parametric,pass,99.30742191344628,80,120,mV,1,23.28142105821684
LOT001,W01,D0021,2,TEST_2,parametric,pass,105.96502965298873,90,130,mV,1,87.43965088802692
LOT001,W01,D0021,3,TEST_3,parametric,pass,110.23748859370356,100,140,mV,1,89.69186849588793
LOT001,W01,D0021,4,TEST_4,parametric,pass,130.62418400446612,110,150,mV,1,82.36988705558286
LOT001,W01,D0021,5,TEST_5,parametric,pass,136.54178784321,120,160,mV,1,72.63205987674145
LOT001,W01,D0021,6,TEST_6,parametric,pass,143.77373828494797,130,170,mV,1,92.57230130098962
LOT001,W01,D0021,7,TEST_7,parametric,pass,161.4102347936922,140,180,mV,1,20.922273927044596
LOT001,W01,D0021,8,TEST_8,functional,pass,,,,,1,51.8178913748413
LOT001,W01,D0021,9,TEST_9,functional,pass,,,,,1,60.30327613346806
LOT001,W01,D0021,10,TEST_10,functional,pass,,,,,1,77.97250122002015
LOT001,W01,D0022,1,TEST_1,parametric,pass,91.40606735423631,80,120,mV,1,90.28182667069163
LOT001,W01,D0022,2,TEST_2,parametric,pass,113.24284645712574,90,130,mV,1,48.406668117279
LOT001,W01,D0022,3,TEST_3,parametric,pass,124.52913622951233,100,140,mV,1,24.324211678869936
LOT001,W01,D0022,4,TEST_4,parametric,pass,126.99855726522888,110,150,mV,1,87.5345418804936
LOT001,W01,D0022,5,TEST_5,parametric,pass,132.06046216411156,120,160,mV,1,85.58765990577287
LOT001,W01,D0022,6,TEST_6,parametric,pass,152.5758655073563,130,170,mV,1,34.95802178176665
LOT001,W01,D0022,7,TEST_7,parametric,pass,160.995984093452,140,180,mV,1,31.53212774331696
LOT001,W01,D0022,8,TEST_8,functional,pass,,,,,1,74.21903763499508
LOT001,W01,D0022,9,TEST_9,functional,pass,,,,,1,40.226278295918256
LOT001,W01,D0022,10,TEST_10,functional,pass,,,,,1,17.251989189190162
LOT001,W01,D0023,1,TEST_1,parametric,pass,94.33005067530985,80,120,mV,1,23.574759221177793
LOT001,W01,D0023,2,TEST_2,parametric,pass,107.86376310730553,90,130,mV,1,29.255758939538868
LOT001,W01,D0023,3,TEST_3,parametric,pass,121.93073224361795,100,140,mV,1,47.33811063083964
LOT001,W01,D0023,4,TEST_4,parametric,pass,127.27500604698385,110,150,mV,1,15.603913952522678
LOT001,W01,D0023,5,TEST_5,parametric,pass,144.89237087292318,120,160,mV,1,84.96020524064389
LOT001,W01,D0023,6,TEST_6,parametric,pass,143.41494031595366,130,170,mV,1,95.14558302310905
LOT001,W01,D0023,7,TEST_7,parametric,pass,165.48419637113383,140,180,mV,1,11.757876106395441
LOT001,W01,D0023,8,TEST_8,functional,pass,,,,,1,61.812131212907225
LOT001,W01,D0023,9,TEST_9,functional,pass,,,,,1,94.84674916906872
LOT001,W01,D0023,10,TEST_10,functional,pass,,,,,1,45.0987983257347
LOT001,W01,D0024,1,TEST_1,parametric,pass,107.38446929771835,80,120,mV,1,58.43985108492084
LOT001,W01,D0024,2,TEST_2,parametric,pass,104.01824425558623,90,130,mV,1,76.1170654680722
LOT001,W01,D0024,3,TEST_3,parametric,pass,123.29166092454749,100,140,mV,1,53.94065297952254
LOT001,W01,D0024,4,TEST_4,parametric,pass,119.84068406378563,110,150,mV,1,34.56417805869309
LOT001,W01,D0024,5,TEST_5,parametric,pass,135.0581993867286,120,160,mV,1,70.19862585606253
LOT001,W01,D0024,6,TEST_6,parametric,pass,150.4470330626319,130,170,mV,1,81.832809197817
LOT001,W01,D0024,7,TEST_7,parametric,pass,158.452617012595,140,180,mV,1,92.75874586020784
LOT001,W01,D0024,8,TEST_8,functional,pass,,,,,1,58.07112665792539
LOT001,W01,D0024,9,TEST_9,functional,pass,,,,,1,63.27034980651198
LOT001,W01,D0024,10,TEST_10,functional,pass,,,,,1,17.55527159458002
LOT001,W01,D0025,1,TEST_1,parametric,pass,90.54521554902556,80,120,mV,1,48.57514926949854
LOT001,W01,D0025,2,TEST_2,parametric,pass,112.12167568036296,90,130,mV,1,33.41406825273742
LOT001,W01,D0025,3,TEST_3,parametric,pass,117.64913228837604,100,140,mV,1,39.46174002475608
LOT001,W01,D0025,4,TEST_4,parametric,pass,125.64529190067194,110,150,mV,1,89.16759874017059
LOT001,W01,D0025,5,TEST_5,parametric,pass,141.27408586438176,120,160,mV,1,35.043095407492544
LOT001,W01,D0025,6,TEST_6,parametric,pass,154.9878000136716,130,170,mV,1,85.14198234209091
LOT001,W01,D0025,7,TEST_7,parametric,pass,158.42098418018992,140,180,mV,1,52.32761525917422
LOT001,W01,D0025,8,TEST_8,functional,pass,,,,,1,14.687704741892993
LOT001,W01,D0025,9,TEST_9,functional,pass,,,,,1,30.179994914777335
LOT001,W01,D0025,10,TEST_10,functional,pass,,,,,1,96.15570424987315
LOT001,W01,D0026,1,TEST_1,parametric,pass,101.21547143600132,80,120,mV,1,32.25549733595893
LOT001,W01,D0026,2,TEST_2,parametric,pass,110.31418226661621,90,130,mV,1,85.53059616561383
LOT001,W01,D0026,3,TEST_3,parametric,pass,117.3304085254249,100,140,mV,1,52.62049548515152
LOT001,W01,D0026,4,TEST_4,parametric,pass,127.45059072383106,110,150,mV,1,20.295050149837593
LOT001,W01,D0026,5,TEST_5,parametric,pass,145.29403178576558,120,160,mV,1,33.06193269059679
LOT001,W01,D0026,6,TEST_6,parametric,pass,148.19699412689008,130,170,mV,1,43.200565689064724
LOT001,W01,D0026,7,TEST_7,parametric,pass,149.86875794182527,140,180,mV,1,74.65215057364074
LOT001,W01,D0026,8,TEST_8,functional,pass,,,,,1,24.738922915047922
LOT001,W01,D0026,9,TEST_9,functional,pass,,,,,1,62.08162592583192
LOT001,W01,D0026,10,TEST_10,functional,pass,,,,,1,61.82170555711727
LOT001,W01,D0027,1,TEST_1,parametric,pass,92.04998798426081,80,120,mV,1,91.72235359427
LOT001,W01,D0027,2,TEST_2,parametric,pass,101.560251616241,90,130,mV,1,27.849679938254376
LOT001,W01,D0027,3,TEST_3,parametric,pass,128.40725581369807,100,140,mV,1,63.2888075124867
LOT001,W01,D0027,4,TEST_4,parametric,pass,131.80845843002996,110,150,mV,1,72.7473702246195
LOT001,W01,D0027,5,TEST_5,parametric,pass,136.73823177888056,120,160,mV,1,37.14244169389003
LOT001,W01,D0027,6,TEST_6,parametric,pass,146.3678294579482,130,170,mV,1,81.66044949401908
LOT001,W01,D0027,7,TEST_7,parametric,pass,151.7126191070744,140,180,mV,1,60.933929983058434
LOT001,W01,D0027,8,TEST_8,functional,fail,,,,,10,48.554021191127
LOT001,W01,D0027,9,TEST_9,functional,pass,,,,,1,55.53647107093701
LOT001,W01,D0027,10,TEST_10,functional,pass,,,,,1,86.46180642996197
LOT001,W01,D0028,1,TEST_1,parametric,pass,101.03666366747171,80,120,mV,1,96.47088104931207
LOT001,W01,D0028,2,TEST_2,parametric,pass,107.87820358007389,90,130,mV,1,67.20265954913013
LOT001,W01,D0028,3,TEST_3,parametric,pass,123.72000100175656,100,140,mV,1,49.19384305069094
LOT001,W01,D0028,4,TEST_4,parametric,pass,123.10120130892798,110,150,mV,1,76.04157736120527
LOT001,W01,D0028,5,TEST_5,parametric,pass,143.87452411481883,120,160,mV,1,82.73792969260803
LOT001,W01,D0028,6,TEST_6,parametric,pass,149.14604213665118,130,170,mV,1,58.43556158034302
LOT001,W01,D0028,7,TEST_7,parametric,pass,154.68107281580552,140,180,mV,1,75.79235928746101
LOT001,W01,D0028,8,TEST_8,functional,pass,,,,,1,86.65418440173987
LOT001,W01,D0028,9,TEST_9,functional,pass,,,,,1,17.799660825010697
LOT001,W01,D0028,10,TEST_10,functional,pass,,,,,1,31.94770952718604
LOT001,W01,D0029,1,TEST_1,parametric,pass,100.55349521636836,80,120,mV,1,51.823761994290855
LOT001,W01,D0029,2,TEST_2,parametric,pass,106.24591779846223,90,130,mV,1,12.582999799308062
LOT001,W01,D0029,3,TEST_3,parametric,pass,116.88115157427501,100,140,mV,1,86.58575526812132
LOT001,W01,D0029,4,TEST_4,parametric,pass,131.43383522378514,110,150,mV,1,81.80491211452869
LOT001,W01,D0029,5,TEST_5,parametric,pass,143.14079309927547,120,160,mV,1,40.63049588478553
LOT001,W01,D0029,6,TEST_6,parametric,pass,155.6758691311837,130,170,mV,1,34.86417181805664
LOT001,W01,D0029,7,TEST_7,parametric,pass,154.69143787724016,140,180,mV,1,10.91360029948094
LOT001,W01,D0029,8,TEST_8,functional,pass,,,,,1,17.705166576221913
LOT001,W01,D0029,9,TEST_9,functional,pass,,,,,1,53.97200621639086
LOT001,W01,D0029,10,TEST_10,functional,pass,,,,,1,72.15484055018707
LOT001,W01,D0030,1,TEST_1,parametric,pass,96.46554498087272,80,120,mV,1,81.36395813190857
LOT001,W01,D0030,2,TEST_2,parametric,pass,105.38963739634463,90,130,mV,1,18.37480154992045
LOT001,W01,D0030,3,TEST_3,parametric,pass,121.36179629937254,100,140,mV,1,37.55854271170796
LOT001,W01,D0030,4,TEST_4,parametric,pass,137.54942016720668,110,150,mV,1,62.34000267991305
LOT001,W01,D0030,5,TEST_5,parametric,pass,133.93444636515704,120,160,mV,1,48.29534314346933
LOT001,W01,D0030,6,TEST_6,parametric,pass,151.0287674259513,130,170,mV,1,77.13418930422486
LOT001,W01,D0030,7,TEST_7,parametric,pass,156.21347487231313,140,180,mV,1,34.38247842785767
LOT001,W01,D0030,8,TEST_8,functional,pass,,,,,1,20.859029627707525
LOT001,W01,D0030,9,TEST_9,functional,pass,,,,,1,20.759926712954755
LOT001,W01,D0030,10,TEST_10,functional,pass,,,,,1,78.59706485356926
LOT001,W01,D0031,1,TEST_1,parametric,pass,106.80727331026104,80,120,mV,1,26.663485819389578
LOT001,W01,D0031,2,TEST_2,parametric,pass,111.20617073433802,90,130,mV,1,75.21265009837464
LOT001,W01,D0031,3,TEST_3,parametric,pass,125.6255510383858,100,140,mV,1,97.89463205947511
LOT001,W01,D0031,4,TEST_4,parametric,pass,125.97030188347114,110,150,mV,1,19.04734972817117
LOT001,W01,D0031,5,TEST_5,parametric,pass,139.37118000849105,120,160,mV,1,27.47058202819661
LOT001,W01,D0031,6,TEST_6,parametric,pass,150.4434072865861,130,170,mV,1,11.273353053045746
LOT001,W01,D0031,7,TEST_7,parametric,pass,163.1131810564695,140,180,mV,1,58.072158034089696
LOT001,W01,D0031,8,TEST_8,functional,pass,,,,,1,97.68654379924641
LOT001,W01,D0031,9,TEST_9,functional,pass,,,,,1,72.76756536191749
LOT001,W01,D0031,10,TEST_10,functional,pass,,,,,1,88.16150775366496
LOT001,W01,D0032,1,TEST_1,parametric,pass,89.86441762085009,80,120,mV,1,61.6657797663699
LOT001,W01,D0032,2,TEST_2,parametric,pass,110.58151567600079,90,130,mV,1,52.24572504374592
LOT001,W01,D0032,3,TEST_3,parametric,pass,117.02863650255603,100,140,mV,1,14.623904546522006
LOT001,W01,D0032,4,TEST_4,parametric,pass,131.16633351103417,110,150,mV,1,94.6957237091293
LOT001,W01,D0032,5,TEST_5,parametric,pass,130.79936692232192,120,160,mV,1,46.06366980267458
LOT001,W01,D0032,6,TEST_6,parametric,pass,151.2959292404286,130,170,mV,1,16.667395323007582
LOT001,W01,D0032,7,TEST_7,parametric,pass,158.8595730873363,140,180,mV,1,23.427782602628966
LOT001,W01,D0032,8,TEST_8,functional,pass,,,,,1,37.345196065800494
LOT001,W01,D0032,9,TEST_9,functional,pass,,,,,1,20.66064059903154
LOT001,W01,D0032,10,TEST_10,functional,pass,,,,,1,64.56858861186666
LOT001,W01,D0033,1,TEST_1,parametric,pass,98.79401318990291,80,120,mV,1,81.16667468590775
LOT001,W01,D0033,2,TEST_2,parametric,pass,110.92519550120433,90,130,mV,1,50.54630183998788
LOT001,W01,D0033,3,TEST_3,parametric,pass,126.00925661926306,100,140,mV,1,49.84489036173955
LOT001,W01,D0033,4,TEST_4,parametric,pass,139.68797462246363,110,150,mV,1,37.48422198874243
LOT001,W01,D0033,5,TEST_5,parametric,pass,128.31418791172712,120,160,mV,1,65.89245889649337
LOT001,W01,D0033,6,TEST_6,parametric,pass,143.66353014633813,130,170,mV,1,95.28311802928403
LOT001,W01,D0033,7,TEST_7,parametric,pass,154.78272012694435,140,180,mV,1,28.70091152411962
LOT001,W01,D0033,8,TEST_8,functional,pass,,,,,1,69.4385323472833
LOT001,W01,D0033,9,TEST_9,functional,pass,,,,,1,25.643219349379102
LOT001,W01,D0033,10,TEST_10,functional,pass,,,,,1,10.240815034259716
LOT001,W01,D0034,1,TEST_1,parametric,pass,93.61026599406591,80,120,mV,1,36.21333601279248
LOT001,W01,D0034,2,TEST_2,parametric,pass,112.05381568663431,90,130,mV,1,30.832861110042327
LOT001,W01,D0034,3,TEST_3,parametric,pass,117.91849349575911,100,140,mV,1,50.862819376633894
LOT001,W01,D0034,4,TEST_4,parametric,pass,122.49224446797649,110,150,mV,1,71.86464280641184
LOT001,W01,D0034,5,TEST_5,parametric,pass,147.81726830681566,120,160,mV,1,66.25522064477997
LOT001,W01,D0034,6,TEST_6,parametric,pass,145.94929350314337,130,170,mV,1,69.5064738568031
LOT001,W01,D0034,7,TEST_7,parametric,pass,164.81093813444733,140,180,mV,1,59.01061408395208
LOT001,W01,D0034,8,TEST_8,functional,pass,,,,,1,91.75703006913454
LOT001,W01,D0034,9,TEST_9,functional,pass,,,,,1,16.426885317023274
LOT001,W01,D0034,10,TEST_10,functional,pass,,,,,1,37.68506313528093
LOT001,W01,D0035,1,TEST_1,parametric,pass,97.87015924414762,80,120,mV,1,77.4061949862661
LOT001,W01,D0035,2,TEST_2,parametric,pass,106.25765977781008,90,130,mV,1,21.19182923572374
LOT001,W01,D0035,3,TEST_3,parametric,pass,118.26170922218549,100,140,mV,1,71.98101920908843
LOT001,W01,D0035,4,TEST_4,parametric,pass,126.28629227856881,110,150,mV,1,55.0424959406133
LOT001,W01,D0035,5,TEST_5,parametric,pass,128.6351251795314,120,160,mV,1,54.441569741057585
LOT001,W01,D0035,6,TEST_6,parametric,pass,151.2478158497042,130,170,mV,1,48.882579774469534
LOT001,W01,D0035,7,TEST_7,parametric,pass,160.69051070459713,140,180,mV,1,39.008942502246995
LOT001,W01,D0035,8,TEST_8,functional,pass,,,,,1,18.21941979678867
LOT001,W01,D0035,9,TEST_9,functional,pass,,,,,1,85.23627525155632
LOT001,W01,D0035,10,TEST_10,functional,pass,,,,,1,95.57076500257172
LOT001,W01,D0036,1,TEST_1,parametric,pass,107.4685757542917,80,120,mV,1,34.255992337034854
LOT001,W01,D0036,2,TEST_2,parametric,pass,109.9799349956519,90,130,mV,1,13.620850583015455
LOT001,W01,D0036,3,TEST_3,parametric,pass,120.22202784049301,100,140,mV,1,68.63585404903176
LOT001,W01,D0036,4,TEST_4,parametric,pass,124.36600611699596,110,150,mV,1,92.44655091340907
LOT001,W01,D0036,5,TEST_5,parametric,pass,142.76844651907422,120,160,mV,1,67.13062475086781
LOT001,W01,D0036,6,TEST_6,parametric,pass,156.02903570048994,130,170,mV,1,54.255322197191205
LOT001,W01,D0036,7,TEST_7,parametric,pass,163.88481886380532,140,180,mV,1,39.99775542985828
LOT001,W01,D0036,8,TEST_8,functional,pass,,,,,1,87.19597849603174
LOT001,W01,D0036,9,TEST_9,functional,pass,,,,,1,72.43063065850893
LOT001,W01,D0036,10,TEST_10,functional,pass,,,,,1,95.06741856068895
LOT001,W01,D0037,1,TEST_1,parametric,pass,102.50813314178333,80,120,mV,1,83.22094312641754
LOT001,W01,D0037,2,TEST_2,parametric,pass,104.76309469940011,90,130,mV,1,38.306544145315115
LOT001,W01,D0037,3,TEST_3,parametric,pass,118.29491116038378,100,140,mV,1,39.094640764839525
LOT001,W01,D0037,4,TEST_4,parametric,pass,134.99923898864546,110,150,mV,1,56.31366270961946
LOT001,W01,D0037,5,TEST_5,parametric,pass,139.05235646076844,120,160,mV,1,98.93072933035788
LOT001,W01,D0037,6,TEST_6,parametric,pass,146.571828163653,130,170,mV,1,47.19228137193893
LOT001,W01,D0037,7,TEST_7,parametric,pass,154.76962835816164,140,180,mV,1,26.88242872550744
LOT001,W01,D0037,8,TEST_8,functional,pass,,,,,1,78.07988386500163
LOT001,W01,D0037,9,TEST_9,functional,pass,,,,,1,78.39914824549153
LOT001,W01,D0037,10,TEST_10,functional,pass,,,,,1,59.42976751767985
LOT001,W01,D0038,1,TEST_1,parametric,pass,104.8238067742232,80,120,mV,1,72.8425026209955
LOT001,W01,D0038,2,TEST_2,parametric,pass,107.6433308527816,90,130,mV,1,20.928347502635788
LOT001,W01,D0038,3,TEST_3,parametric,pass,126.7536991904857,100,140,mV,1,31.536771609488532
LOT001,W01,D0038,4,TEST_4,parametric,pass,128.84955442207752,110,150,mV,1,24.254034742470914
LOT001,W01,D0038,5,TEST_5,parametric,pass,133.98216849403863,120,160,mV,1,18.388828115337027
LOT001,W01,D0038,6,TEST_6,parametric,pass,148.0095545180942,130,170,mV,1,99.30314254556977
LOT001,W01,D0038,7,TEST_7,parametric,pass,164.75080847319055,140,180,mV,1,20.57195341806018
LOT001,W01,D0038,8,TEST_8,functional,pass,,,,,1,54.853795423647576
LOT001,W01,D0038,9,TEST_9,functional,pass,,,,,1,55.798481356256055
LOT001,W01,D0038,10,TEST_10,functional,pass,,,,,1,85.1251551019025
LOT001,W01,D0039,1,TEST_1,parametric,pass,97.10632238279923,80,120,mV,1,98.2220169343038
LOT001,W01,D0039,2,TEST_2,parametric,pass,110.24926489686561,90,130,mV,1,44.522741192243494
LOT001,W01,D0039,3,TEST_3,parametric,pass,126.32487263695126,100,140,mV,1,92.96813349384057
LOT001,W01,D0039,4,TEST_4,parametric,pass,119.73111447220171,110,150,mV,1,87.76242409857294
LOT001,W01,D0039,5,TEST_5,parametric,pass,139.46781117649647,120,160,mV,1,34.86226625398369
LOT001,W01,D0039,6,TEST_6,parametric,pass,151.2876844586204,130,170,mV,1,94.0823554314268
LOT001,W01,D0039,7,TEST_7,parametric,pass,154.98560876070616,140,180,mV,1,55.696390822869084
LOT001,W01,D0039,8,TEST_8,functional,pass,,,,,1,35.455508495454396
LOT001,W01,D0039,9,TEST_9,functional,pass,,,,,1,62.8243950172745
LOT001,W01,D0039,10,TEST_10,functional,pass,,,,,1,54.06763119901309
LOT001,W01,D0040,1,TEST_1,parametric,pass,103.69952510674945,80,120,mV,1,41.061154752370676
LOT001,W01,D0040,2,TEST_2,parametric,pass,114.99859039904824,90,130,mV,1,59.67256753637299
LOT001,W01,D0040,3,TEST_3,parametric,pass,114.69212831901756,100,140,mV,1,38.95996152061337
LOT001,W01,D0040,4,TEST_4,parametric,pass,128.51453756004162,110,150,mV,1,26.978713633639487
LOT001,W01,D0040,5,TEST_5,parametric,pass,137.8905434958042,120,160,mV,1,31.02062014521038
LOT001,W01,D0040,6,TEST_6,parametric,pass,143.83898035560657,130,170,mV,1,79.7990027589333
LOT001,W01,D0040,7,TEST_7,parametric,pass,167.95360966649488,140,180,mV,1,73.47050929225023
LOT001,W01,D0040,8,TEST_8,functional,pass,,,,,1,44.74708772418841
LOT001,W01,D0040,9,TEST_9,functional,pass,,,,,1,83.86727965385995
LOT001,W01,D0040,10,TEST_10,functional,pass,,,,,1,54.57957846547812
LOT001,W01,D0041,1,TEST_1,parametric,pass,102.23761031991874,80,120,mV,1,13.331765021101857
LOT001,W01,D0041,2,TEST_2,parametric,pass,103.3222255306919,90,130,mV,1,88.27302820259939
LOT001,W01,D0041,3,TEST_3,parametric,pass,119.90386198162443,100,140,mV,1,88.67713366488775
LOT001,W01,D0041,4,TEST_4,parametric,pass,124.31549965548659,110,150,mV,1,51.1235267026818
LOT001,W01,D0041,5,TEST_5,parametric,pass,142.23801124758631,120,160,mV,1,75.01994448135784
LOT001,W01,D0041,6,TEST_6,parametric,pass,143.843361691867,130,170,mV,1,23.892509689439397
LOT001,W01,D0041,7,TEST_7,parametric,pass,163.908281727022,140,180,mV,1,52.254154088625874
LOT001,W01,D0041,8,TEST_8,functional,pass,,,,,1,40.47051106462885
LOT001,W01,D0041,9,TEST_9,functional,pass,,,,,1,68.48529873213454
LOT001,W01,D0041,10,TEST_10,functional,pass,,,,,1,86.71072029093038
LOT001,W01,D0042,1,TEST_1,parametric,pass,103.10078418352985,80,120,mV,1,38.499503854005965
LOT001,W01,D0042,2,TEST_2,parametric,pass,106.22009452964826,90,130,mV,1,74.68456827006847
LOT001,W01,D0042,3,TEST_3,parametric,pass,120.59899407320482,100,140,mV,1,13.230918985391792
LOT001,W01,D0042,4,TEST_4,parametric,pass,119.87195491112718,110,150,mV,1,16.15786724633963
LOT001,W01,D0042,5,TEST_5,parametric,pass,132.3495815123768,120,160,mV,1,99.76833306605938
LOT001,W01,D0042,6,TEST_6,parametric,pass,141.73310129339956,130,170,mV,1,77.20897300641343
LOT001,W01,D0042,7,TEST_7,parametric,pass,157.91678771140673,140,180,mV,1,67.03730459027122
LOT001,W01,D0042,8,TEST_8,functional,pass,,,,,1,49.93106964955352
LOT001,W01,D0042,9,TEST_9,functional,pass,,,,,1,91.30816558454374
LOT001,W01,D0042,10,TEST_10,functional,fail,,,,,2,36.40309983686879
LOT001,W01,D0043,1,TEST_1,parametric,pass,100.91751517100546,80,120,mV,1,43.73569807977834
LOT001,W01,D0043,2,TEST_2,parametric,pass,113.7545776831718,90,130,mV,1,60.93352557243431
LOT001,W01,D0043,3,TEST_3,parametric,pass,124.87632097368736,100,140,mV,1,81.3267526492858
LOT001,W01,D0043,4,TEST_4,parametric,pass,130.97720990533773,110,150,mV,1,88.37556387803693
LOT001,W01,D0043,5,TEST_5,parametric,pass,141.77710572605034,120,160,mV,1,65.77393316836738
LOT001,W01,D0043,6,TEST_6,parametric,pass,150.63604567888888,130,170,mV,1,22.88059481156587
LOT001,W01,D0043,7,TEST_7,parametric,pass,171.0267689598827,140,180,mV,1,51.50349220194978
LOT001,W01,D0043,8,TEST_8,functional,pass,,,,,1,32.97940373432387
LOT001,W01,D0043,9,TEST_9,functional,fail,,,,,9,91.10884812389948
LOT001,W01,D0043,10,TEST_10,functional,pass,,,,,1,24.217805986460824
LOT001,W01,D0044,1,TEST_1,parametric,pass,95.70090017191166,80,120,mV,1,62.88145346137793
LOT001,W01,D0044,2,TEST_2,parametric,pass,111.64831396509577,90,130,mV,1,67.50448321240108
LOT001,W01,D0044,3,TEST_3,parametric,pass,116.62747537210424,100,140,mV,1,86.07735326283388
LOT001,W01,D0044,4,TEST_4,parametric,pass,131.73687362220494,110,150,mV,1,27.92952991980031
LOT001,W01,D0044,5,TEST_5,parametric,pass,135.69789544851383,120,160,mV,1,31.348513173481717
LOT001,W01,D0044,6,TEST_6,parametric,pass,153.80757700658722,130,170,mV,1,61.4730423115665
LOT001,W01,D0044,7,TEST_7,parametric,pass,146.01842158688564,140,180,mV,1,36.570767849494246
LOT001,W01,D0044,8,TEST_8,functional,pass,,,,,1,69.24068343358127
LOT001,W01,D0044,9,TEST_9,functional,pass,,,,,1,60.93361152601291
LOT001,W01,D0044,10,TEST_10,functional,pass,,,,,1,77.02019570487927
LOT001,W01,D0045,1,TEST_1,parametric,pass,92.8968284837404,80,120,mV,1,14.413982569839995
LOT001,W01,D0045,2,TEST_2,parametric,pass,105.40217775009236,90,130,mV,1,91.37397618043528
LOT001,W01,D0045,3,TEST_3,parametric,pass,116.36803294988896,100,140,mV,1,35.7574736313275
LOT001,W01,D0045,4,TEST_4,parametric,pass,132.06526245271658,110,150,mV,1,41.70888602517849
LOT001,W01,D0045,5,TEST_5,parametric,pass,133.48538224240974,120,160,mV,1,67.29560902053026
LOT001,W01,D0045,6,TEST_6,parametric,pass,144.54353669981725,130,170,mV,1,74.88355390036381
LOT001,W01,D0045,7,TEST_7,parametric,pass,154.81824030388117,140,180,mV,1,69.32633862850784
LOT001,W01,D0045,8,TEST_8,functional,pass,,,,,1,66.54232933182085
LOT001,W01,D0045,9,TEST_9,functional,pass,,,,,1,68.17065480014705
LOT001,W01,D0045,10,TEST_10,functional,pass,,,,,1,49.67408711465304
LOT001,W01,D0046,1,TEST_1,parametric,pass,92.87549745049179,80,120,mV,1,18.112003817159703
LOT001,W01,D0046,2,TEST_2,parametric,pass,106.10807960997505,90,130,mV,1,36.55994064662397
LOT001,W01,D0046,3,TEST_3,parametric,pass,119.95081379247237,100,140,mV,1,21.89438179721052
LOT001,W01,D0046,4,TEST_4,parametric,pass,126.89275321971408,110,150,mV,1,58.5466983085979
LOT001,W01,D0046,5,TEST_5,parametric,pass,146.05313844123228,120,160,mV,1,92.21382770335272
LOT001,W01,D0046,6,TEST_6,parametric,pass,148.90391396172194,130,170,mV,1,84.74253576106577
LOT001,W01,D0046,7,TEST_7,parametric,pass,159.59150362223448,140,180,mV,1,53.36630468863671
LOT001,W01,D0046,8,TEST_8,functional,pass,,,,,1,77.19034156453405
LOT001,W01,D0046,9,TEST_9,functional,pass,,,,,1,20.365273670478345
LOT001,W01,D0046,10,TEST_10,functional,pass,,,,,1,22.668131350529443
LOT001,W01,D0047,1,TEST_1,parametric,pass,109.3216441374682,80,120,mV,1,96.98501885164768
LOT001,W01,D0047,2,TEST_2,parametric,pass,115.12104115481543,90,130,mV,1,98.1948018503713
LOT001,W01,D0047,3,TEST_3,parametric,pass,113.82084690196051,100,140,mV,1,97.05427725700291
LOT001,W01,D0047,4,TEST_4,parametric,pass,131.60466383191076,110,150,mV,1,81.16137717300437
LOT001,W01,D0047,5,TEST_5,parametric,pass,135.50637865667517,120,160,mV,1,11.252678959081106
LOT001,W01,D0047,6,TEST_6,parametric,pass,144.6375973667111,130,170,mV,1,70.55455436863782
LOT001,W01,D0047,7,TEST_7,parametric,pass,158.745613463138,140,180,mV,1,70.51067176159118
LOT001,W01,D0047,8,TEST_8,functional,pass,,,,,1,84.01755711040968
LOT001,W01,D0047,9,TEST_9,functional,pass,,,,,1,19.75114919793076
LOT001,W01,D0047,10,TEST_10,functional,pass,,,,,1,12.25221846818341
LOT001,W01,D0048,1,TEST_1,parametric,pass,104.7948281449553,80,120,mV,1,92.37303178688435
LOT001,W01,D0048,2,TEST_2,parametric,pass,105.73164706390182,90,130,mV,1,29.9230480066591
LOT001,W01,D0048,3,TEST_3,parametric,pass,128.59242651354194,100,140,mV,1,91.84488745851029
LOT001,W01,D0048,4,TEST_4,parametric,pass,133.60453801880158,110,150,mV,1,37.19711570763252
LOT001,W01,D0048,5,TEST_5,parametric,pass,137.69924687369746,120,160,mV,1,95.16353795937516
LOT001,W01,D0048,6,TEST_6,parametric,pass,151.49489692951943,130,170,mV,1,37.39281259204047
LOT001,W01,D0048,7,TEST_7,parametric,pass,157.74139469244082,140,180,mV,1,89.85333776756521
LOT001,W01,D0048,8,TEST_8,functional,pass,,,,,1,50.82793812000033
LOT001,W01,D0048,9,TEST_9,functional,pass,,,,,1,76.88261093708545
LOT001,W01,D0048,10,TEST_10,functional,pass,,,,,1,47.72140780732506
LOT001,W01,D0049,1,TEST_1,parametric,pass,100.10474075721592,80,120,mV,1,76.80421132887842
LOT001,W01,D0049,2,TEST_2,parametric,pass,112.92250853888626,90,130,mV,1,18.911947123947563
LOT001,W01,D0049,3,TEST_3,parametric,pass,124.27273296049935,100,140,mV,1,54.041233401065305
LOT001,W01,D0049,4,TEST_4,parametric,pass,119.69209164720743,110,150,mV,1,12.94446581695422
LOT001,W01,D0049,5,TEST_5,parametric,pass,146.71407443232286,120,160,mV,1,43.347696286099186
LOT001,W01,D0049,6,TEST_6,parametric,pass,138.50616200807326,130,170,mV,1,86.99051739753591
LOT001,W01,D0049,7,TEST_7,parametric,pass,164.27043052707637,140,180,mV,1,18.94191621455173
LOT001,W01,D0049,8,TEST_8,functional,pass,,,,,1,59.001927533393044
LOT001,W01,D0049,9,TEST_9,functional,pass,,,,,1,42.28064570910861
LOT001,W01,D0049,10,TEST_10,functional,pass,,,,,1,27.08277059449716
LOT001,W01,D0050,1,TEST_1,parametric,pass,106.98449344012216,80,120,mV,1,50.92456317134654
LOT001,W01,D0050,2,TEST_2,parametric,pass,116.73954803688734,90,130,mV,1,69.64918642557802
LOT001,W01,D0050,3,TEST_3,parametric,pass,115.75815724955763,100,140,mV,1,11.922170926273356
LOT001,W01,D0050,4,TEST_4,parametric,pass,124.75921586649301,110,150,mV,1,80.81151314091551
LOT001,W01,D0050,5,TEST_5,parametric,pass,140.1047936606101,120,160,mV,1,60.8120178317167
LOT001,W01,D0050,6,TEST_6,parametric,pass,152.59198944002674,130,170,mV,1,16.17491375419203
LOT001,W01,D0050,7,TEST_7,parametric,pass,160.3239651630025,140,180,mV,1,29.43562167268073
LOT001,W01,D0050,8,TEST_8,functional,pass,,,,,1,39.57035980890073
LOT001,W01,D0050,9,TEST_9,functional,pass,,,,,1,91.04779320685823
LOT001,W01,D0050,10,TEST_10,functional,fail,,,,,4,98.8774573929555
LOT001,W01,D0051,1,TEST_1,parametric,pass,96.60860310587617,80,120,mV,1,58.61939111768363
LOT001,W01,D0051,2,TEST_2,parametric,pass,110.72419523725337,90,130,mV,1,87.9803099656121
LOT001,W01,D0051,3,TEST_3,parametric,pass,117.69824100233807,100,140,mV,1,21.862290660570775
LOT001,W01,D0051,4,TEST_4,parametric,pass,124.4580268794245,110,150,mV,1,62.99676298453981
LOT001,W01,D0051,5,TEST_5,parametric,pass,146.8517782265974,120,160,mV,1,11.420297516004423
LOT001,W01,D0051,6,TEST_6,parametric,pass,149.74902404622583,130,170,mV,1,47.886450121907124
LOT001,W01,D0051,7,TEST_7,parametric,pass,162.59117155516958,140,180,mV,1,20.228437610789193
LOT001,W01,D0051,8,TEST_8,functional,pass,,,,,1,50.344769284289576
LOT001,W01,D0051,9,TEST_9,functional,pass,,,,,1,63.42994160812244
LOT001,W01,D0051,10,TEST_10,functional,pass,,,,,1,29.93947807764565
LOT001,W01,D0052,1,TEST_1,parametric,pass,93.95791206591217,80,120,mV,1,91.78765191158861
LOT001,W01,D0052,2,TEST_2,parametric,pass,104.66597034313256,90,130,mV,1,69.3012766311363
LOT001,W01,D0052,3,TEST_3,parametric,pass,117.71150775587539,100,140,mV,1,12.803557555930952
LOT001,W01,D0052,4,TEST_4,parametric,pass,136.80525648047245,110,150,mV,1,99.87280795803942
LOT001,W01,D0052,5,TEST_5,parametric,pass,143.02521153186146,120,160,mV,1,19.71656467113045
LOT001,W01,D0052,6,TEST_6,parametric,pass,145.68395673848332,130,170,mV,1,74.11611834073867
LOT001,W01,D0052,7,TEST_7,parametric,pass,149.9537278391639,140,180,mV,1,38.99006377716935
LOT001,W01,D0052,8,TEST_8,functional,pass,,,,,1,21.357242947455045
LOT001,W01,D0052,9,TEST_9,functional,pass,,,,,1,62.682821969330895
LOT001,W01,D0052,10,TEST_10,functional,pass,,,,,1,44.28139589366687
LOT001,W01,D0053,1,TEST_1,parametric,pass,103.7197298868422,80,120,mV,1,63.7652669679382
LOT001,W01,D0053,2,TEST_2,parametric,pass,108.34805281473328,90,130,mV,1,48.7179393241261
LOT001,W01,D0053,3,TEST_3,parametric,pass,125.69970537967961,100,140,mV,1,81.37864837914815
LOT001,W01,D0053,4,TEST_4,parametric,pass,135.4873039269174,110,150,mV,1,88.99355917577927
LOT001,W01,D0053,5,TEST_5,parametric,pass,144.80192207855524,120,160,mV,1,59.6201705550819
LOT001,W01,D0053,6,TEST_6,parametric,pass,153.51861600447438,130,170,mV,1,89.92819197896436
LOT001,W01,D0053,7,TEST_7,parametric,pass,156.03371421465005,140,180,mV,1,47.243221405922206
LOT001,W01,D0053,8,TEST_8,functional,pass,,,,,1,45.8857165831258
LOT001,W01,D0053,9,TEST_9,functional,pass,,,,,1,38.12935149974197
LOT001,W01,D0053,10,TEST_10,functional,pass,,,,,1,32.94008168345013
LOT001,W01,D0054,1,TEST_1,parametric,pass,107.2973851481814,80,120,mV,1,52.684109703019246
LOT001,W01,D0054,2,TEST_2,parametric,pass,107.80975024081553,90,130,mV,1,18.21023095294438
LOT001,W01,D0054,3,TEST_3,parametric,pass,124.57038425241478,100,140,mV,1,77.01300722726911
LOT001,W01,D0054,4,TEST_4,parametric,pass,132.71705946454895,110,150,mV,1,43.53821734383132
LOT001,W01,D0054,5,TEST_5,parametric,pass,141.20293068510716,120,160,mV,1,96.09621614622158
LOT001,W01,D0054,6,TEST_6,parametric,pass,151.28285468892938,130,170,mV,1,60.551504341275525
LOT001,W01,D0054,7,TEST_7,parametric,pass,157.52272756804933,140,180,mV,1,88.62466350108866
LOT001,W01,D0054,8,TEST_8,functional,pass,,,,,1,48.064317018749506
LOT001,W01,D0054,9,TEST_9,functional,pass,,,,,1,14.630147197513844
LOT001,W01,D0054,10,TEST_10,functional,pass,,,,,1,38.12040091788886
LOT001,W01,D0055,1,TEST_1,parametric,pass,95.49296842479755,80,120,mV,1,19.324050933217006
LOT001,W01,D0055,2,TEST_2,parametric,pass,107.10401130329436,90,130,mV,1,53.39704565839497
LOT001,W01,D0055,3,TEST_3,parametric,pass,119.86502343603452,100,140,mV,1,86.25473633214573
LOT001,W01,D0055,4,TEST_4,parametric,pass,126.24983055510096,110,150,mV,1,20.339678217727737
LOT001,W01,D0055,5,TEST_5,parametric,pass,145.15389851093158,120,160,mV,1,35.07113912454993
LOT001,W01,D0055,6,TEST_6,parametric,pass,150.79008607030008,130,170,mV,1,60.48691315732295
LOT001,W01,D0055,7,TEST_7,parametric,pass,165.2348745707534,140,180,mV,1,79.06892786665571
LOT001,W01,D0055,8,TEST_8,functional,pass,,,,,1,70.74790401639733
LOT001,W01,D0055,9,TEST_9,functional,pass,,,,,1,64.80954239977588
LOT001,W01,D0055,10,TEST_10,functional,pass,,,,,1,72.4124069070093
LOT001,W01,D0056,1,TEST_1,parametric,pass,103.92907819314068,80,120,mV,1,78.6168566182898
LOT001,W01,D0056,2,TEST_2,parametric,pass,110.72276156596384,90,130,mV,1,92.93837689298554
LOT001,W01,D0056,3,TEST_3,parametric,pass,118.12406699898496,100,140,mV,1,22.892634130782618
LOT001,W01,D0056,4,TEST_4,parametric,pass,132.54739094331302,110,150,mV,1,69.1610171353116
LOT001,W01,D0056,5,TEST_5,parametric,pass,147.44522617601993,120,160,mV,1,97.46292868822171
LOT001,W01,D0056,6,TEST_6,parametric,pass,153.47979816449626,130,170,mV,1,18.25819147490008
LOT001,W01,D0056,7,TEST_7,parametric,pass,155.23126965425683,140,180,mV,1,50.82812116057156
LOT001,W01,D0056,8,TEST_8,functional,pass,,,,,1,38.047363273379474
LOT001,W01,D0056,9,TEST_9,functional,pass,,,,,1,94.72666815730497
LOT001,W01,D0056,10,TEST_10,functional,pass,,,,,1,89.5007966066509
LOT001,W01,D0057,1,TEST_1,parametric,pass,99.07531831024784,80,120,mV,1,24.00219130640395
LOT001,W01,D0057,2,TEST_2,parametric,pass,110.04452027023058,90,130,mV,1,17.342337477872185
LOT001,W01,D0057,3,TEST_3,parametric,pass,118.40307049968075,100,140,mV,1,49.88016768972934
LOT001,W01,D0057,4,TEST_4,parametric,pass,123.92996316661286,110,150,mV,1,47.27653640944522
LOT001,W01,D0057,5,TEST_5,parametric,pass,143.1403196159145,120,160,mV,1,29.401206880397215
LOT001,W01,D0057,6,TEST_6,parametric,pass,145.41283710033392,130,170,mV,1,19.98007949808375
LOT001,W01,D0057,7,TEST_7,parametric,pass,159.6434393241639,140,180,mV,1,71.0396103640181
LOT001,W01,D0057,8,TEST_8,functional,pass,,,,,1,57.424069643333034
LOT001,W01,D0057,9,TEST_9,functional,pass,,,,,1,29.846659195227215
LOT001,W01,D0057,10,TEST_10,functional,pass,,,,,1,14.930376266627288
LOT001,W01,D0058,1,TEST_1,parametric,pass,103.40510012911146,80,120,mV,1,79.06145745777437
LOT001,W01,D0058,2,TEST_2,parametric,pass,121.56381831456304,90,130,mV,1,78.77448061851229
LOT001,W01,D0058,3,TEST_3,parametric,pass,119.3798217977132,100,140,mV,1,54.764679575199416
LOT001,W01,D0058,4,TEST_4,parametric,pass,132.45074642071165,110,150,mV,1,48.75895102182427
LOT001,W01,D0058,5,TEST_5,parametric,pass,144.24425272087248,120,160,mV,1,30.70996444689937
LOT001,W01,D0058,6,TEST_6,parametric,pass,154.47358060040875,130,170,mV,1,60.28512109072415
LOT001,W01,D0058,7,TEST_7,parametric,pass,157.69746225402812,140,180,mV,1,45.73640568225676
LOT001,W01,D0058,8,TEST_8,functional,pass,,,,,1,49.259763596108094
LOT001,W01,D0058,9,TEST_9,functional,pass,,,,,1,17.007635068818185
LOT001,W01,D0058,10,TEST_10,functional,pass,,,,,1,48.635585767075206
LOT001,W01,D0059,1,TEST_1,parametric,pass,95.9307188199228,80,120,mV,1,46.39805960547109
LOT001,W01,D0059,2,TEST_2,parametric,pass,107.36769244692054,90,130,mV,1,46.452907635845904
LOT001,W01,D0059,3,TEST_3,parametric,pass,116.81231375571028,100,140,mV,1,96.95797219298136
LOT001,W01,D0059,4,TEST_4,parametric,pass,135.7243636769192,110,150,mV,1,51.40872117044278
LOT001,W01,D0059,5,TEST_5,parametric,pass,150.7092366992004,120,160,mV,1,72.06490369721709
LOT001,W01,D0059,6,TEST_6,parametric,pass,146.53745825507707,130,170,mV,1,19.527682005602735
LOT001,W01,D0059,7,TEST_7,parametric,pass,164.08766399247153,140,180,mV,1,49.210887424636006
LOT001,W01,D0059,8,TEST_8,functional,pass,,,,,1,17.07823787345739
LOT001,W01,D0059,9,TEST_9,functional,pass,,,,,1,77.12243438181426
LOT001,W01,D0059,10,TEST_10,functional,pass,,,,,1,80.1206081742938
LOT001,W01,D0060,1,TEST_1,parametric,pass,106.2817284147985,80,120,mV,1,57.754433869538346
LOT001,W01,D0060,2,TEST_2,parametric,pass,113.26958370752912,90,130,mV,1,27.45133356402103
LOT001,W01,D0060,3,TEST_3,parametric,pass,120.76286454278353,100,140,mV,1,96.24010140974353
LOT001,W01,D0060,4,TEST_4,parametric,pass,125.41286035369947,110,150,mV,1,68.08986785526074
LOT001,W01,D0060,5,TEST_5,parametric,pass,141.39613499240863,120,160,mV,1,33.037139980155686
LOT001,W01,D0060,6,TEST_6,parametric,pass,151.8641038674503,130,170,mV,1,25.614912019788534
LOT001,W01,D0060,7,TEST_7,parametric,pass,164.8351516498646,140,180,mV,1,16.781794622116916
LOT001,W01,D0060,8,TEST_8,functional,pass,,,,,1,66.51538949065306
LOT001,W01,D0060,9,TEST_9,functional,pass,,,,,1,60.73619349590646
LOT001,W01,D0060,10,TEST_10,functional,pass,,,,,1,71.30201304833503
LOT001,W01,D0061,1,TEST_1,parametric,pass,106.91381587211166,80,120,mV,1,89.38433409336403
LOT001,W01,D0061,2,TEST_2,parametric,pass,100.85965792205464,90,130,mV,1,39.08874174790246
LOT001,W01,D0061,3,TEST_3,parametric,pass,108.51845430476075,100,140,mV,1,97.38757577873443
LOT001,W01,D0061,4,TEST_4,parametric,pass,127.82711605023256,110,150,mV,1,52.2028975173736
LOT001,W01,D0061,5,TEST_5,parametric,pass,144.9242590787439,120,160,mV,1,66.82466080228863
LOT001,W01,D0061,6,TEST_6,parametric,pass,151.9199988237115,130,170,mV,1,41.674800035806896
LOT001,W01,D0061,7,TEST_7,parametric,pass,153.59164981994041,140,180,mV,1,16.677159055595894
LOT001,W01,D0061,8,TEST_8,functional,pass,,,,,1,13.384652101398286
LOT001,W01,D0061,9,TEST_9,functional,pass,,,,,1,35.836932934118735
LOT001,W01,D0061,10,TEST_10,functional,pass,,,,,1,97.96316792798342
LOT001,W01,D0062,1,TEST_1,parametric,pass,105.66224012594063,80,120,mV,1,44.60342289242185
LOT001,W01,D0062,2,TEST_2,parametric,pass,113.60818147714991,90,130,mV,1,62.22964666700715
LOT001,W01,D0062,3,TEST_3,parametric,pass,127.85780759146064,100,140,mV,1,13.69204424676323
LOT001,W01,D0062,4,TEST_4,parametric,pass,127.67589149583499,110,150,mV,1,91.8144960916298
LOT001,W01,D0062,5,TEST_5,parametric,pass,137.09263569524384,120,160,mV,1,64.45052506630577
LOT001,W01,D0062,6,TEST_6,parametric,pass,148.59475009297972,130,170,mV,1,55.12305716855449
LOT001,W01,D0062,7,TEST_7,parametric,pass,165.27977446320367,140,180,mV,1,82.98701301903587
LOT001,W01,D0062,8,TEST_8,functional,pass,,,,,1,98.41470229840576
LOT001,W01,D0062,9,TEST_9,functional,pass,,,,,1,68.15143820293471
LOT001,W01,D0062,10,TEST_10,functional,fail,,,,,9,99.18874203821987
LOT001,W01,D0063,1,TEST_1,parametric,pass,98.56354267380853,80,120,mV,1,57.16616978531571
LOT001,W01,D0063,2,TEST_2,parametric,pass,106.33171255735957,90,130,mV,1,92.61431102052644
LOT001,W01,D0063,3,TEST_3,parametric,pass,116.9728756836822,100,140,mV,1,44.867490357080435
LOT001,W01,D0063,4,TEST_4,parametric,pass,131.15393938218727,110,150,mV,1,14.712896578240564
LOT001,W01,D0063,5,TEST_5,parametric,pass,132.55230217749272,120,160,mV,1,66.77979169977814
LOT001,W01,D0063,6,TEST_6,parametric,pass,147.73193838052433,130,170,mV,1,60.21668911765621
LOT001,W01,D0063,7,TEST_7,parametric,pass,163.8544392806374,140,180,mV,1,44.79077842513641
LOT001,W01,D0063,8,TEST_8,functional,pass,,,,,1,86.6409633985964
LOT001,W01,D0063,9,TEST_9,functional,pass,,,,,1,64.24307322945572
LOT001,W01,D0063,10,TEST_10,functional,pass,,,,,1,17.335178870309555
LOT001,W01,D0064,1,TEST_1,parametric,pass,94.24139111253847,80,120,mV,1,37.92085637966309
LOT001,W01,D0064,2,TEST_2,parametric,pass,100.4537100328015,90,130,mV,1,69.04492462324497
LOT001,W01,D0064,3,TEST_3,parametric,pass,118.62208943761597,100,140,mV,1,73.79506129339484
LOT001,W01,D0064,4,TEST_4,parametric,pass,127.7629813154467,110,150,mV,1,17.62471108036018
LOT001,W01,D0064,5,TEST_5,parametric,pass,133.30530712805,120,160,mV,1,39.56288988282256
LOT001,W01,D0064,6,TEST_6,parametric,pass,147.40169391998003,130,170,mV,1,21.501438769031132
LOT001,W01,D0064,7,TEST_7,parametric,pass,156.45934172754093,140,180,mV,1,99.74477016692832
LOT001,W01,D0064,8,TEST_8,functional,pass,,,,,1,18.410766855941958
LOT001,W01,D0064,9,TEST_9,functional,pass,,,,,1,55.763963778052684
LOT001,W01,D0064,10,TEST_10,functional,fail,,,,,6,26.223663058916017
LOT001,W01,D0065,1,TEST_1,parametric,pass,88.4051956336794,80,120,mV,1,29.27733950880103
LOT001,W01,D0065,2,TEST_2,parametric,pass,115.4617106177147,90,130,mV,1,30.38887418804985
LOT001,W01,D0065,3,TEST_3,parametric,pass,118.1364874770868,100,140,mV,1,22.380881785937135
LOT001,W01,D0065,4,TEST_4,parametric,pass,138.53369286299423,110,150,mV,1,19.102668730110473
LOT001,W01,D0065,5,TEST_5,parametric,pass,144.4953912669102,120,160,mV,1,79.3787248326791
LOT001,W01,D0065,6,TEST_6,parametric,pass,155.28632708736697,130,170,mV,1,13.397274312180514
LOT001,W01,D0065,7,TEST_7,parametric,pass,151.07664917040526,140,180,mV,1,40.30879347678534
LOT001,W01,D0065,8,TEST_8,functional,pass,,,,,1,21.79441372865572
LOT001,W01,D0065,9,TEST_9,functional,pass,,,,,1,24.602249087960544
LOT001,W01,D0065,10,TEST_10,functional,pass,,,,,1,79.39880323578896
LOT001,W01,D0066,1,TEST_1,parametric,pass,101.09051910329697,80,120,mV,1,49.39060646245121
LOT001,W01,D0066,2,TEST_2,parametric,pass,107.19656610676353,90,130,mV,1,46.97727503468801
LOT001,W01,D0066,3,TEST_3,parametric,pass,118.35641084052413,100,140,mV,1,49.977883882474806
LOT001,W01,D0066,4,TEST_4,parametric,pass,126.70481659662882,110,150,mV,1,35.64351393070224
LOT001,W01,D0066,5,TEST_5,parametric,pass,139.9498086287427,120,160,mV,1,58.0610034728435
LOT001,W01,D0066,6,TEST_6,parametric,pass,144.54179811520626,130,170,mV,1,37.85211069065107
LOT001,W01,D0066,7,TEST_7,parametric,pass,162.02573905065105,140,180,mV,1,85.16020534531367
LOT001,W01,D0066,8,TEST_8,functional,pass,,,,,1,95.24171532197107
LOT001,W01,D0066,9,TEST_9,functional,pass,,,,,1,51.55119805968903
LOT001,W01,D0066,10,TEST_10,functional,pass,,,,,1,44.368519077163945
LOT001,W01,D0067,1,TEST_1,parametric,pass,94.75142746952378,80,120,mV,1,57.47138096153344
LOT001,W01,D0067,2,TEST_2,parametric,pass,119.00708173378389,90,130,mV,1,82.11333017363928
LOT001,W01,D0067,3,TEST_3,parametric,pass,118.06190097945205,100,140,mV,1,22.455868114308807
LOT001,W01,D0067,4,TEST_4,parametric,pass,129.99985554509237,110,150,mV,1,88.67052505470133
LOT001,W01,D0067,5,TEST_5,parametric,pass,147.15867209251525,120,160,mV,1,59.90866708819881
LOT001,W01,D0067,6,TEST_6,parametric,pass,157.72952182607852,130,170,mV,1,86.6049443276301
LOT001,W01,D0067,7,TEST_7,parametric,pass,165.8103066449991,140,180,mV,1,35.65567126533956
LOT001,W01,D0067,8,TEST_8,functional,pass,,,,,1,34.551216963222096
LOT001,W01,D0067,9,TEST_9,functional,pass,,,,,1,23.26137903924439
LOT001,W01,D0067,10,TEST_10,functional,pass,,,,,1,95.17719367105846
LOT001,W01,D0068,1,TEST_1,parametric,pass,100.95726518841492,80,120,mV,1,41.462657032478404
LOT001,W01,D0068,2,TEST_2,parametric,pass,115.39241534567047,90,130,mV,1,12.400317172264469
LOT001,W01,D0068,3,TEST_3,parametric,pass,125.5766307224335,100,140,mV,1,31.220026647708938
LOT001,W01,D0068,4,TEST_4,parametric,pass,131.9389853571437,110,150,mV,1,99.50728161144622
LOT001,W01,D0068,5,TEST_5,parametric,pass,139.15499904589524,120,160,mV,1,93.77433142749578
LOT001,W01,D0068,6,TEST_6,parametric,pass,150.84592874889208,130,170,mV,1,85.52586588504451
LOT001,W01,D0068,7,TEST_7,parametric,pass,154.79501349257384,140,180,mV,1,22.38396289532845
LOT001,W01,D0068,8,TEST_8,functional,pass,,,,,1,84.67854248375403
LOT001,W01,D0068,9,TEST_9,functional,pass,,,,,1,22.49134226363676
LOT001,W01,D0068,10,TEST_10,functional,pass,,,,,1,50.374132658402196
LOT001,W01,D0069,1,TEST_1,parametric,pass,92.83967099708748,80,120,mV,1,10.472607847505614
LOT001,W01,D0069,2,TEST_2,parametric,pass,113.37797889131102,90,130,mV,1,85.14667893541429
LOT001,W01,D0069,3,TEST_3,parametric,pass,121.835717500715,100,140,mV,1,59.39238208994519
LOT001,W01,D0069,4,TEST_4,parametric,pass,129.12688807136794,110,150,mV,1,20.006817429181456
LOT001,W01,D0069,5,TEST_5,parametric,pass,133.93763320130637,120,160,mV,1,35.929142023530744
LOT001,W01,D0069,6,TEST_6,parametric,pass,149.50592504595977,130,170,mV,1,47.78429893780987
LOT001,W01,D0069,7,TEST_7,parametric,pass,161.48399614705167,140,180,mV,1,81.45091977754943
LOT001,W01,D0069,8,TEST_8,functional,pass,,,,,1,19.97721057610135
LOT001,W01,D0069,9,TEST_9,functional,pass,,,,,1,63.706513853705225
LOT001,W01,D0069,10,TEST_10,functional,fail,,,,,10,61.75427117775702
LOT001,W01,D0070,1,TEST_1,parametric,pass,99.1853129754871,80,120,mV,1,10.140790234005909
LOT001,W01,D0070,2,TEST_2,parametric,pass,105.9317746573028,90,130,mV,1,41.753443566343044
LOT001,W01,D0070,3,TEST_3,parametric,pass,117.09190268662556,100,140,mV,1,70.13934126276713
LOT001,W01,D0070,4,TEST_4,parametric,pass,128.61671117101105,110,150,mV,1,57.11361019103902
LOT001,W01,D0070,5,TEST_5,parametric,pass,132.07133890026398,120,160,mV,1,58.96737639352301
LOT001,W01,D0070,6,TEST_6,parametric,pass,159.51041621329966,130,170,mV,1,80.77711022607858
LOT001,W01,D0070,7,TEST_7,parametric,pass,158.98765604112947,140,180,mV,1,88.59982946747658
LOT001,W01,D0070,8,TEST_8,functional,fail,,,,,8,98.29354802964042
LOT001,W01,D0070,9,TEST_9,functional,pass,,,,,1,11.461800799805285
LOT001,W01,D0070,10,TEST_10,functional,pass,,,,,1,41.032224384705216
LOT001,W01,D0071,1,TEST_1,parametric,pass,99.95147755187094,80,120,mV,1,75.96469193055775
LOT001,W01,D0071,2,TEST_2,parametric,pass,104.05058255521939,90,130,mV,1,76.16682863310801
LOT001,W01,D0071,3,TEST_3,parametric,pass,113.80196110196681,100,140,mV,1,39.926674753478636
LOT001,W01,D0071,4,TEST_4,parametric,pass,136.0414264692826,110,150,mV,1,83.21579790004793
LOT001,W01,D0071,5,TEST_5,parametric,pass,141.72788427725942,120,160,mV,1,25.758021434653756
LOT001,W01,D0071,6,TEST_6,parametric,pass,151.01772018325153,130,170,mV,1,72.58503267964576
LOT001,W01,D0071,7,TEST_7,parametric,pass,154.5042342086402,140,180,mV,1,66.8562262982504
LOT001,W01,D0071,8,TEST_8,functional,pass,,,,,1,15.679048332900216
LOT001,W01,D0071,9,TEST_9,functional,pass,,,,,1,51.19116197026179
LOT001,W01,D0071,10,TEST_10,functional,pass,,,,,1,13.942564809321079
LOT001,W01,D0072,1,TEST_1,parametric,pass,100.45673464110884,80,120,mV,1,94.00338819553576
LOT001,W01,D0072,2,TEST_2,parametric,pass,111.38991354914515,90,130,mV,1,56.38452303290489
LOT001,W01,D0072,3,TEST_3,parametric,pass,126.24294313580074,100,140,mV,1,32.798238868235565
LOT001,W01,D0072,4,TEST_4,parametric,pass,129.5726662594024,110,150,mV,1,77.79618269369784
LOT001,W01,D0072,5,TEST_5,parametric,pass,141.69940516905288,120,160,mV,1,80.27574102805825
LOT001,W01,D0072,6,TEST_6,parametric,pass,154.38070105857537,130,170,mV,1,87.92184493702518
LOT001,W01,D0072,7,TEST_7,parametric,pass,158.73076334922328,140,180,mV,1,43.12172568832057
LOT001,W01,D0072,8,TEST_8,functional,pass,,,,,1,76.89769349676591
LOT001,W01,D0072,9,TEST_9,functional,pass,,,,,1,44.798029143462294
LOT001,W01,D0072,10,TEST_10,functional,pass,,,,,1,54.65829038833204
LOT001,W01,D0073,1,TEST_1,parametric,pass,102.24401814225688,80,120,mV,1,54.77710532442646
LOT001,W01,D0073,2,TEST_2,parametric,pass,115.38015132724067,90,130,mV,1,82.10332786615965
LOT001,W01,D0073,3,TEST_3,parametric,pass,117.22925003489217,100,140,mV,1,75.43731919083721
LOT001,W01,D0073,4,TEST_4,parametric,pass,135.973208674822,110,150,mV,1,84.0107151585898
LOT001,W01,D0073,5,TEST_5,parametric,pass,143.23155092107413,120,160,mV,1,59.09269576101733
LOT001,W01,D0073,6,TEST_6,parametric,pass,149.11619603310214,130,170,mV,1,69.4827299312323
LOT001,W01,D0073,7,TEST_7,parametric,pass,161.8416612887383,140,180,mV,1,37.58462704816772
LOT001,W01,D0073,8,TEST_8,functional,pass,,,,,1,48.350446559474086
LOT001,W01,D0073,9,TEST_9,functional,pass,,,,,1,41.63922853947929
LOT001,W01,D0073,10,TEST_10,functional,fail,,,,,7,65.33663339788879
LOT001,W01,D0074,1,TEST_1,parametric,pass,93.44640933801098,80,120,mV,1,81.23300459467913
LOT001,W01,D0074,2,TEST_2,parametric,pass,112.83890105663254,90,130,mV,1,15.162225788486783
LOT001,W01,D0074,3,TEST_3,parametric,pass,117.57397012797564,100,140,mV,1,56.17774175180969
LOT001,W01,D0074,4,TEST_4,parametric,pass,125.50824350301728,110,150,mV,1,77.49081858357009
LOT001,W01,D0074,5,TEST_5,parametric,pass,140.67399376127676,120,160,mV,1,86.38023789734811
LOT001,W01,D0074,6,TEST_6,parametric,pass,151.06184847217375,130,170,mV,1,71.0279984795904
LOT001,W01,D0074,7,TEST_7,parametric,pass,157.59605999334164,140,180,mV,1,31.239584237831707
LOT001,W01,D0074,8,TEST_8,functional,pass,,,,,1,42.59355242890786
LOT001,W01,D0074,9,TEST_9,functional,pass,,,,,1,12.914679158170028
LOT001,W01,D0074,10,TEST_10,functional,pass,,,,,1,50.49303118433146
LOT001,W01,D0075,1,TEST_1,parametric,pass,100.98385904870324,80,120,mV,1,43.386805679509074
LOT001,W01,D0075,2,TEST_2,parametric,pass,108.12277279208323,90,130,mV,1,22.39255970456741
LOT001,W01,D0075,3,TEST_3,parametric,pass,120.69001026328033,100,140,mV,1,43.02549537884491
LOT001,W01,D0075,4,TEST_4,parametric,pass,128.40923300248951,110,150,mV,1,96.44680470384937
LOT001,W01,D0075,5,TEST_5,parametric,pass,143.71534089223493,120,160,mV,1,12.332200677772889
LOT001,W01,D0075,6,TEST_6,parametric,pass,152.36165349992172,130,170,mV,1,92.2188255231868
LOT001,W01,D0075,7,TEST_7,parametric,pass,165.55758347983306,140,180,mV,1,20.598489594160768
LOT001,W01,D0075,8,TEST_8,functional,pass,,,,,1,73.36340300861433
LOT001,W01,D0075,9,TEST_9,functional,pass,,,,,1,65.06894644872783
LOT001,W01,D0075,10,TEST_10,functional,pass,,,,,1,99.87659591591371
LOT001,W01,D0076,1,TEST_1,parametric,pass,100.83166247885244,80,120,mV,1,16.664683525888933
LOT001,W01,D0076,2,TEST_2,parametric,pass,112.56938687885648,90,130,mV,1,25.539072758563695
LOT001,W01,D0076,3,TEST_3,parametric,pass,116.08156226064825,100,140,mV,1,82.94618965218687
LOT001,W01,D0076,4,TEST_4,parametric,pass,113.27637593397512,110,150,mV,1,97.08051127267561
LOT001,W01,D0076,5,TEST_5,parametric,pass,147.39700648950682,120,160,mV,1,73.85864381376294
LOT001,W01,D0076,6,TEST_6,parametric,pass,149.37454945937347,130,170,mV,1,59.49974327382015
LOT001,W01,D0076,7,TEST_7,parametric,pass,158.94056594844963,140,180,mV,1,24.175472438803457
LOT001,W01,D0076,8,TEST_8,functional,pass,,,,,1,73.0197330370024
LOT001,W01,D0076,9,TEST_9,functional,pass,,,,,1,42.53429648122204
LOT001,W01,D0076,10,TEST_10,functional,pass,,,,,1,98.66192920571739
LOT001,W01,D0077,1,TEST_1,parametric,pass,104.08757291940346,80,120,mV,1,81.28591062500267
LOT001,W01,D0077,2,TEST_2,parametric,pass,110.48583363751813,90,130,mV,1,42.48068719999439
LOT001,W01,D0077,3,TEST_3,parametric,pass,125.81610384538402,100,140,mV,1,61.504966640487346
LOT001,W01,D0077,4,TEST_4,parametric,pass,116.02376717721282,110,150,mV,1,21.679410674239335
LOT001,W01,D0077,5,TEST_5,parametric,pass,142.9029630968916,120,160,mV,1,89.5821802151158
LOT001,W01,D0077,6,TEST_6,parametric,pass,154.61480420777792,130,170,mV,1,74.52402386589549
LOT001,W01,D0077,7,TEST_7,parametric,pass,162.02281067153075,140,180,mV,1,53.07985989237285
LOT001,W01,D0077,8,TEST_8,functional,pass,,,,,1,46.849017471824176
LOT001,W01,D0077,9,TEST_9,functional,pass,,,,,1,21.27941040332746
LOT001,W01,D0077,10,TEST_10,functional,pass,,,,,1,16.67485177887756
LOT001,W01,D0078,1,TEST_1,parametric,pass,94.10328913218554,80,120,mV,1,21.550114967051247
LOT001,W01,D0078,2,TEST_2,parametric,pass,111.28569607932087,90,130,mV,1,84.61483553218591
LOT001,W01,D0078,3,TEST_3,parametric,pass,113.68623379218427,100,140,mV,1,79.1003473621891
LOT001,W01,D0078,4,TEST_4,parametric,pass,127.89121185056572,110,150,mV,1,21.612966201719978
LOT001,W01,D0078,5,TEST_5,parametric,pass,129.9354537943466,120,160,mV,1,84.82517258207872
LOT001,W01,D0078,6,TEST_6,parametric,pass,149.81888201798654,130,170,mV,1,56.62919196316147
LOT001,W01,D0078,7,TEST_7,parametric,pass,159.00854949715497,140,180,mV,1,94.12640529751697
LOT001,W01,D0078,8,TEST_8,functional,pass,,,,,1,95.27348231286827
LOT001,W01,D0078,9,TEST_9,functional,pass,,,,,1,35.5643479238006
LOT001,W01,D0078,10,TEST_10,functional,pass,,,,,1,27.667172753476628
LOT001,W01,D0079,1,TEST_1,parametric,pass,102.80212659910187,80,120,mV,1,96.07164643388784
LOT001,W01,D0079,2,TEST_2,parametric,pass,108.92832708187925,90,130,mV,1,65.29854504773782
LOT001,W01,D0079,3,TEST_3,parametric,pass,126.92069081974698,100,140,mV,1,18.40855661952184
LOT001,W01,D0079,4,TEST_4,parametric,pass,125.7655769207203,110,150,mV,1,62.25818510262284
LOT001,W01,D0079,5,TEST_5,parametric,pass,134.81631433390612,120,160,mV,1,25.408056075021307
LOT001,W01,D0079,6,TEST_6,parametric,pass,142.35474186956625,130,170,mV,1,40.38576279452219
LOT001,W01,D0079,7,TEST_7,parametric,pass,152.40461494713068,140,180,mV,1,93.1536752784671
LOT001,W01,D0079,8,TEST_8,functional,fail,,,,,2,17.31005694040329
LOT001,W01,D0079,9,TEST_9,functional,pass,,,,,1,79.39201319150187
LOT001,W01,D0079,10,TEST_10,functional,pass,,,,,1,28.972754173176806
LOT001,W01,D0080,1,TEST_1,parametric,pass,93.76286163718734,80,120,mV,1,12.725730872328764
LOT001,W01,D0080,2,TEST_2,parametric,pass,106.96206772561526,90,130,mV,1,90.0097193304059
LOT001,W01,D0080,3,TEST_3,parametric,pass,113.12606166198577,100,140,mV,1,37.18847016591604
LOT001,W01,D0080,4,TEST_4,parametric,pass,127.97586077332576,110,150,mV,1,32.03901195840487
LOT001,W01,D0080,5,TEST_5,parametric,pass,141.79964099365537,120,160,mV,1,50.81897196596542
LOT001,W01,D0080,6,TEST_6,parametric,pass,145.22371699664862,130,170,mV,1,71.97522145056853
LOT001,W01,D0080,7,TEST_7,parametric,pass,162.82960153509254,140,180,mV,1,51.79979419978015
LOT001,W01,D0080,8,TEST_8,functional,pass,,,,,1,22.930182204637113
LOT001,W01,D0080,9,TEST_9,functional,pass,,,,,1,38.738475338205525
LOT001,W01,D0080,10,TEST_10,functional,pass,,,,,1,41.08335046308987
LOT001,W01,D0081,1,TEST_1,parametric,pass,104.34208425776654,80,120,mV,1,45.88449464566225
LOT001,W01,D0081,2,TEST_2,parametric,pass,110.40275352559456,90,130,mV,1,19.556554024818755
LOT001,W01,D0081,3,TEST_3,parametric,pass,113.9986617318271,100,140,mV,1,31.75640748428204
LOT001,W01,D0081,4,TEST_4,parametric,pass,133.92330818550357,110,150,mV,1,22.678987150736518
LOT001,W01,D0081,5,TEST_5,parametric,pass,143.80299753071873,120,160,mV,1,14.554476262026125
LOT001,W01,D0081,6,TEST_6,parametric,pass,159.40827121930027,130,170,mV,1,47.632126900138886
LOT001,W01,D0081,7,TEST_7,parametric,pass,156.63849323265683,140,180,mV,1,96.6417267015403
LOT001,W01,D0081,8,TEST_8,functional,pass,,,,,1,83.21300617955046
LOT001,W01,D0081,9,TEST_9,functional,pass,,,,,1,74.90155859399097
LOT001,W01,D0081,10,TEST_10,functional,pass,,,,,1,24.34081707033439
LOT001,W01,D0082,1,TEST_1,parametric,pass,105.60572828412754,80,120,mV,1,89.11680972403767
LOT001,W01,D0082,2,TEST_2,parametric,pass,109.85800492685867,90,130,mV,1,54.76332457427581
LOT001,W01,D0082,3,TEST_3,parametric,pass,124.219232218279,100,140,mV,1,51.15075779707578
LOT001,W01,D0082,4,TEST_4,parametric,pass,132.67943224081927,110,150,mV,1,31.66557766022531
LOT001,W01,D0082,5,TEST_5,parametric,pass,138.63236657336174,120,160,mV,1,35.322070453617556
LOT001,W01,D0082,6,TEST_6,parametric,pass,149.2102729721812,130,170,mV,1,63.776689390916765
LOT001,W01,D0082,7,TEST_7,parametric,pass,164.11548223027202,140,180,mV,1,35.71735432969158
LOT001,W01,D0082,8,TEST_8,functional,fail,,,,,3,48.78349924127865
LOT001,W01,D0082,9,TEST_9,functional,pass,,,,,1,75.47572570234527
LOT001,W01,D0082,10,TEST_10,functional,pass,,,,,1,42.93436172658067
LOT001,W01,D0083,1,TEST_1,parametric,pass,93.76467218827628,80,120,mV,1,46.052345891328095
LOT001,W01,D0083,2,TEST_2,parametric,pass,107.02558266592385,90,130,mV,1,59.79006339590365
LOT001,W01,D0083,3,TEST_3,parametric,pass,118.59391096911202,100,140,mV,1,16.617857476855765
LOT001,W01,D0083,4,TEST_4,parametric,pass,121.5011647827499,110,150,mV,1,35.17486098615838
LOT001,W01,D0083,5,TEST_5,parametric,pass,139.77270161028594,120,160,mV,1,99.01816305586503
LOT001,W01,D0083,6,TEST_6,parametric,pass,148.93495810022918,130,170,mV,1,97.75745338724056
LOT001,W01,D0083,7,TEST_7,parametric,pass,157.7218770387971,140,180,mV,1,45.45133414557464
LOT001,W01,D0083,8,TEST_8,functional,pass,,,,,1,40.51767699573088
LOT001,W01,D0083,9,TEST_9,functional,pass,,,,,1,77.94686550635146
LOT001,W01,D0083,10,TEST_10,functional,pass,,,,,1,55.82102646026639
LOT001,W01,D0084,1,TEST_1,parametric,pass,98.4774753792432,80,120,mV,1,22.333273621076835
LOT001,W01,D0084,2,TEST_2,parametric,pass,109.99925475067555,90,130,mV,1,39.97366348174904
LOT001,W01,D0084,3,TEST_3,parametric,pass,114.54951007505665,100,140,mV,1,64.56344701634237
LOT001,W01,D0084,4,TEST_4,parametric,pass,130.90741614960672,110,150,mV,1,56.395515893252856
LOT001,W01,D0084,5,TEST_5,parametric,pass,136.7580441170797,120,160,mV,1,24.625184128924545
LOT001,W01,D0084,6,TEST_6,parametric,pass,156.07988925036142,130,170,mV,1,99.1554163805026
LOT001,W01,D0084,7,TEST_7,parametric,pass,159.7172479080992,140,180,mV,1,40.27361069365105
LOT001,W01,D0084,8,TEST_8,functional,pass,,,,,1,57.91058468882887
LOT001,W01,D0084,9,TEST_9,functional,pass,,,,,1,36.981150826367234
LOT001,W01,D0084,10,TEST_10,functional,pass,,,,,1,43.152202887919266
LOT001,W01,D0085,1,TEST_1,parametric,pass,95.79296559081962,80,120,mV,1,70.64257532257149
LOT001,W01,D0085,2,TEST_2,parametric,pass,116.5667653714843,90,130,mV,1,81.70793325371324
LOT001,W01,D0085,3,TEST_3,parametric,pass,119.16614986728453,100,140,mV,1,75.27917912966697
LOT001,W01,D0085,4,TEST_4,parametric,pass,129.55896094086935,110,150,mV,1,52.71311926765545
LOT001,W01,D0085,5,TEST_5,parametric,pass,138.9248647228085,120,160,mV,1,97.03636265548458
LOT001,W01,D0085,6,TEST_6,parametric,pass,151.77583208408086,130,170,mV,1,61.987095627776455
LOT001,W01,D0085,7,TEST_7,parametric,pass,151.53311974899236,140,180,mV,1,74.9260101066676
LOT001,W01,D0085,8,TEST_8,functional,pass,,,,,1,25.34608555719934
LOT001,W01,D0085,9,TEST_9,functional,pass,,,,,1,65.77622249509804
LOT001,W01,D0085,10,TEST_10,functional,pass,,,,,1,23.299813747029866
LOT001,W01,D0086,1,TEST_1,parametric,pass,99.46599698311297,80,120,mV,1,95.33846537058712
LOT001,W01,D0086,2,TEST_2,parametric,pass,108.85160065526804,90,130,mV,1,19.890596920032714
LOT001,W01,D0086,3,TEST_3,parametric,pass,124.30769734573713,100,140,mV,1,23.628813230741088
LOT001,W01,D0086,4,TEST_4,parametric,pass,130.5149926403226,110,150,mV,1,72.14502348266728
LOT001,W01,D0086,5,TEST_5,parametric,pass,132.69762271819218,120,160,mV,1,92.84688549074896
LOT001,W01,D0086,6,TEST_6,parametric,pass,154.60997560707986,130,170,mV,1,88.55359380210884
LOT001,W01,D0086,7,TEST_7,parametric,pass,159.84064646249678,140,180,mV,1,22.42742372066892
LOT001,W01,D0086,8,TEST_8,functional,pass,,,,,1,39.25445809834493
LOT001,W01,D0086,9,TEST_9,functional,pass,,,,,1,57.292943626003186
LOT001,W01,D0086,10,TEST_10,functional,pass,,,,,1,25.5864181471595
LOT001,W01,D0087,1,TEST_1,parametric,pass,98.21397952936755,80,120,mV,1,92.09117448316094
LOT001,W01,D0087,2,TEST_2,parametric,pass,107.43672378759801,90,130,mV,1,79.47908057338667
LOT001,W01,D0087,3,TEST_3,parametric,pass,123.91147305983806,100,140,mV,1,74.88321051945634
LOT001,W01,D0087,4,TEST_4,parametric,pass,125.22405870427943,110,150,mV,1,64.90689220708764
LOT001,W01,D0087,5,TEST_5,parametric,pass,133.9761461623215,120,160,mV,1,27.303775222304207
LOT001,W01,D0087,6,TEST_6,parametric,pass,150.13974396877757,130,170,mV,1,30.238033419353503
LOT001,W01,D0087,7,TEST_7,parametric,pass,166.388469656881,140,180,mV,1,97.5619564831512
LOT001,W01,D0087,8,TEST_8,functional,pass,,,,,1,36.01037236631724
LOT001,W01,D0087,9,TEST_9,functional,pass,,,,,1,73.4489433766177
LOT001,W01,D0087,10,TEST_10,functional,pass,,,,,1,41.39228567811759
LOT001,W01,D0088,1,TEST_1,parametric,pass,108.14536378574678,80,120,mV,1,34.61117830798808
LOT001,W01,D0088,2,TEST_2,parametric,pass,106.3959357685824,90,130,mV,1,20.968669515944356
LOT001,W01,D0088,3,TEST_3,parametric,pass,117.82610274726133,100,140,mV,1,98.2144483589226
LOT001,W01,D0088,4,TEST_4,parametric,pass,125.6237796682237,110,150,mV,1,83.6539714117506
LOT001,W01,D0088,5,TEST_5,parametric,pass,148.67046545785652,120,160,mV,1,36.140738679364205
LOT001,W01,D0088,6,TEST_6,parametric,pass,147.45787341883025,130,170,mV,1,35.886730745272594
LOT001,W01,D0088,7,TEST_7,parametric,pass,158.96990426743798,140,180,mV,1,49.81385006783518
LOT001,W01,D0088,8,TEST_8,functional,pass,,,,,1,53.11713367148349
LOT001,W01,D0088,9,TEST_9,functional,pass,,,,,1,58.472013133778745
LOT001,W01,D0088,10,TEST_10,functional,pass,,,,,1,72.65541705821404
LOT001,W01,D0089,1,TEST_1,parametric,pass,95.50565928281792,80,120,mV,1,22.354565932083062
LOT001,W01,D0089,2,TEST_2,parametric,pass,105.03206690916635,90,130,mV,1,31.82122345692581
LOT001,W01,D0089,3,TEST_3,parametric,pass,115.58247710115971,100,140,mV,1,70.28505684037935
LOT001,W01,D0089,4,TEST_4,parametric,pass,123.00786829733669,110,150,mV,1,14.724199615551651
LOT001,W01,D0089,5,TEST_5,parametric,pass,138.61869895029704,120,160,mV,1,47.19712294434328
LOT001,W01,D0089,6,TEST_6,parametric,pass,149.5312130912462,130,170,mV,1,79.36894522884512
LOT001,W01,D0089,7,TEST_7,parametric,pass,157.7464369827674,140,180,mV,1,10.466330176641703
LOT001,W01,D0089,8,TEST_8,functional,pass,,,,,1,93.618971215298
LOT001,W01,D0089,9,TEST_9,functional,pass,,,,,1,94.15288887365364
LOT001,W01,D0089,10,TEST_10,functional,pass,,,,,1,52.97036683968068
LOT001,W01,D0090,1,TEST_1,parametric,pass,104.02438882277816,80,120,mV,1,38.905093190725
LOT001,W01,D0090,2,TEST_2,parametric,pass,122.24323746050808,90,130,mV,1,68.13081261012428
LOT001,W01,D0090,3,TEST_3,parametric,pass,121.81252558370583,100,140,mV,1,61.67200178578359
LOT001,W01,D0090,4,TEST_4,parametric,pass,128.8165039006446,110,150,mV,1,58.16370492042442
LOT001,W01,D0090,5,TEST_5,parametric,pass,138.0254374185602,120,160,mV,1,92.19067531028672
LOT001,W01,D0090,6,TEST_6,parametric,pass,138.42112184446464,130,170,mV,1,25.75582979328668
LOT001,W01,D0090,7,TEST_7,parametric,pass,162.29622108485125,140,180,mV,1,92.76713306658407
LOT001,W01,D0090,8,TEST_8,functional,pass,,,,,1,45.729511685046965
LOT001,W01,D0090,9,TEST_9,functional,pass,,,,,1,94.29478702999864
LOT001,W01,D0090,10,TEST_10,functional,pass,,,,,1,93.34357281067987
LOT001,W01,D0091,1,TEST_1,parametric,pass,97.90386386840746,80,120,mV,1,88.90688511261311
LOT001,W01,D0091,2,TEST_2,parametric,pass,116.46683561972426,90,130,mV,1,19.65706216961842
LOT001,W01,D0091,3,TEST_3,parametric,pass,120.37697274452546,100,140,mV,1,98.46944995339058
LOT001,W01,D0091,4,TEST_4,parametric,pass,126.76138664513925,110,150,mV,1,58.897043520127745
LOT001,W01,D0091,5,TEST_5,parametric,pass,154.67850732528626,120,160,mV,1,54.452117830763726
LOT001,W01,D0091,6,TEST_6,parametric,pass,159.0395156874378,130,170,mV,1,52.12186921056611
LOT001,W01,D0091,7,TEST_7,parametric,pass,156.32608447146916,140,180,mV,1,27.35302584464288
LOT001,W01,D0091,8,TEST_8,functional,pass,,,,,1,24.624483628576478
LOT001,W01,D0091,9,TEST_9,functional,pass,,,,,1,33.15383922065672
LOT001,W01,D0091,10,TEST_10,functional,pass,,,,,1,76.29561059430313
LOT001,W01,D0092,1,TEST_1,parametric,pass,101.64080244105814,80,120,mV,1,78.15544752318051
LOT001,W01,D0092,2,TEST_2,parametric,pass,103.73510280875495,90,130,mV,1,25.794542245461827
LOT001,W01,D0092,3,TEST_3,parametric,pass,126.59515454255285,100,140,mV,1,84.42908427486786
LOT001,W01,D0092,4,TEST_4,parametric,pass,121.622887516857,110,150,mV,1,56.37525930638163
LOT001,W01,D0092,5,TEST_5,parametric,pass,146.36028561852874,120,160,mV,1,26.6303080942606
LOT001,W01,D0092,6,TEST_6,parametric,pass,153.85581061868317,130,170,mV,1,22.65506880708686
LOT001,W01,D0092,7,TEST_7,parametric,pass,158.3155996060982,140,180,mV,1,33.470674935889946
LOT001,W01,D0092,8,TEST_8,functional,pass,,,,,1,77.83809866033113
LOT001,W01,D0092,9,TEST_9,functional,pass,,,,,1,37.17512557224532
LOT001,W01,D0092,10,TEST_10,functional,pass,,,,,1,11.02921607747512
LOT001,W01,D0093,1,TEST_1,parametric,pass,103.37888646237509,80,120,mV,1,68.83150303631788
LOT001,W01,D0093,2,TEST_2,parametric,pass,109.36983210946833,90,130,mV,1,20.640236302357533
LOT001,W01,D0093,3,TEST_3,parametric,pass,118.32375930650987,100,140,mV,1,37.61257078032578
LOT001,W01,D0093,4,TEST_4,parametric,pass,125.10454080514288,110,150,mV,1,90.56065328346287
LOT001,W01,D0093,5,TEST_5,parametric,pass,143.30825072264594,120,160,mV,1,73.32013315920304
LOT001,W01,D0093,6,TEST_6,parametric,pass,149.06579332978833,130,170,mV,1,92.45173472655718
LOT001,W01,D0093,7,TEST_7,parametric,pass,162.31782420114138,140,180,mV,1,36.55338401406222
LOT001,W01,D0093,8,TEST_8,functional,pass,,,,,1,29.721574084180954
LOT001,W01,D0093,9,TEST_9,functional,pass,,,,,1,23.786700822026127
LOT001,W01,D0093,10,TEST_10,functional,pass,,,,,1,64.51650532801625
LOT001,W01,D0094,1,TEST_1,parametric,pass,94.55006594040438,80,120,mV,1,52.374526919138034
LOT001,W01,D0094,2,TEST_2,parametric,pass,113.18412016765744,90,130,mV,1,58.37659189238808
LOT001,W01,D0094,3,TEST_3,parametric,pass,118.19601189149438,100,140,mV,1,32.271888637771994
LOT001,W01,D0094,4,TEST_4,parametric,pass,126.98885746940634,110,150,mV,1,77.92655947523788
LOT001,W01,D0094,5,TEST_5,parametric,pass,141.44408291033432,120,160,mV,1,50.2073179746835
LOT001,W01,D0094,6,TEST_6,parametric,pass,148.52167136687157,130,170,mV,1,73.33895126402854
LOT001,W01,D0094,7,TEST_7,parametric,pass,165.68351676851276,140,180,mV,1,15.558224280101541
LOT001,W01,D0094,8,TEST_8,functional,pass,,,,,1,55.49383504833362
LOT001,W01,D0094,9,TEST_9,functional,pass,,,,,1,23.486714324417285
LOT001,W01,D0094,10,TEST_10,functional,pass,,,,,1,56.83073870663083
LOT001,W01,D0095,1,TEST_1,parametric,pass,103.03688023356563,80,120,mV,1,20.46160199661978
LOT001,W01,D0095,2,TEST_2,parametric,pass,111.8293482114112,90,130,mV,1,18.184748000651908
LOT001,W01,D0095,3,TEST_3,parametric,pass,126.35646508398374,100,140,mV,1,55.93378186295511
LOT001,W01,D0095,4,TEST_4,parametric,pass,131.98111281342347,110,150,mV,1,56.192305888147736
LOT001,W01,D0095,5,TEST_5,parametric,pass,134.87359316604122,120,160,mV,1,51.11186281406884
LOT001,W01,D0095,6,TEST_6,parametric,pass,155.207916915379,130,170,mV,1,82.62238172989532
LOT001,W01,D0095,7,TEST_7,parametric,pass,161.97676711740817,140,180,mV,1,75.09520718425021
LOT001,W01,D0095,8,TEST_8,functional,pass,,,,,1,83.48079033398174
LOT001,W01,D0095,9,TEST_9,functional,pass,,,,,1,62.04801385531319
LOT001,W01,D0095,10,TEST_10,functional,fail,,,,,7,73.03463902874583
LOT001,W01,D0096,1,TEST_1,parametric,pass,98.29585794289329,80,120,mV,1,90.47966008046063
LOT001,W01,D0096,2,TEST_2,parametric,pass,109.5491460382586,90,130,mV,1,98.75235232740492
LOT001,W01,D0096,3,TEST_3,parametric,pass,115.9497720272309,100,140,mV,1,26.19831941431377
LOT001,W01,D0096,4,TEST_4,parametric,pass,130.71812786724223,110,150,mV,1,22.188597984049398
LOT001,W01,D0096,5,TEST_5,parametric,pass,134.9075992362985,120,160,mV,1,96.74043102437686
LOT001,W01,D0096,6,TEST_6,parametric,pass,143.7228414815416,130,170,mV,1,43.701482857444084
LOT001,W01,D0096,7,TEST_7,parametric,pass,164.23228105923084,140,180,mV,1,92.54035690135552
LOT001,W01,D0096,8,TEST_8,functional,pass,,,,,1,17.222499336643004
LOT001,W01,D0096,9,TEST_9,functional,pass,,,,,1,88.70983495218324
LOT001,W01,D0096,10,TEST_10,functional,pass,,,,,1,87.42579230144091
LOT001,W01,D0097,1,TEST_1,parametric,pass,96.55807674713006,80,120,mV,1,20.676985055674805
LOT001,W01,D0097,2,TEST_2,parametric,pass,114.99156840979424,90,130,mV,1,21.46123785903477
LOT001,W01,D0097,3,TEST_3,parametric,pass,119.77550261473185,100,140,mV,1,98.08519393237023
LOT001,W01,D0097,4,TEST_4,parametric,pass,134.26802665365173,110,150,mV,1,98.06416144112251
LOT001,W01,D0097,5,TEST_5,parametric,pass,132.7646644838237,120,160,mV,1,51.670351107530195
LOT001,W01,D0097,6,TEST_6,parametric,pass,148.9863372944267,130,170,mV,1,44.13488212304144
LOT001,W01,D0097,7,TEST_7,parametric,pass,154.84578000458825,140,180,mV,1,30.669766010910887
LOT001,W01,D0097,8,TEST_8,functional,pass,,,,,1,23.960923588339057
LOT001,W01,D0097,9,TEST_9,functional,pass,,,,,1,88.76873571613547
LOT001,W01,D0097,10,TEST_10,functional,pass,,,,,1,12.899558341898292
LOT001,W01,D0098,1,TEST_1,parametric,pass,96.30594333060084,80,120,mV,1,94.26141373469007
LOT001,W01,D0098,2,TEST_2,parametric,pass,104.16308553577092,90,130,mV,1,90.0137207762012
LOT001,W01,D0098,3,TEST_3,parametric,pass,120.10938750787254,100,140,mV,1,63.45497327314216
LOT001,W01,D0098,4,TEST_4,parametric,pass,131.86309698132894,110,150,mV,1,50.17969596237421
LOT001,W01,D0098,5,TEST_5,parametric,pass,135.2272378767522,120,160,mV,1,32.02607360965533
LOT001,W01,D0098,6,TEST_6,parametric,pass,141.0506962789412,130,170,mV,1,13.981305705039803
LOT001,W01,D0098,7,TEST_7,parametric,pass,154.22349621410027,140,180,mV,1,77.8947137872556
LOT001,W01,D0098,8,TEST_8,functional,pass,,,,,1,22.612201760341414
LOT001,W01,D0098,9,TEST_9,functional,pass,,,,,1,31.074536542749122
LOT001,W01,D0098,10,TEST_10,functional,pass,,,,,1,61.849930202225835
LOT001,W01,D0099,1,TEST_1,parametric,pass,102.33073863243926,80,120,mV,1,61.97273331740938
LOT001,W01,D0099,2,TEST_2,parametric,pass,111.30347451122353,90,130,mV,1,31.321363129904856
LOT001,W01,D0099,3,TEST_3,parametric,pass,110.85704786264196,100,140,mV,1,88.86324899564265
LOT001,W01,D0099,4,TEST_4,parametric,pass,136.04419098582042,110,150,mV,1,47.22041858021233
LOT001,W01,D0099,5,TEST_5,parametric,pass,139.4552960828031,120,160,mV,1,34.763852845774494
LOT001,W01,D0099,6,TEST_6,parametric,pass,143.7284098511752,130,170,mV,1,76.16908983917526
LOT001,W01,D0099,7,TEST_7,parametric,pass,157.66530836648897,140,180,mV,1,25.76198694362776
LOT001,W01,D0099,8,TEST_8,functional,pass,,,,,1,60.026559938534135
LOT001,W01,D0099,9,TEST_9,functional,fail,,,,,7,94.74277688487206
LOT001,W01,D0099,10,TEST_10,functional,pass,,,,,1,80.72241363824662
LOT001,W01,D0100,1,TEST_1,parametric,pass,97.82824475047812,80,120,mV,1,23.429584704264734
LOT001,W01,D0100,2,TEST_2,parametric,pass,114.71211158920178,90,130,mV,1,43.88141696564188
LOT001,W01,D0100,3,TEST_3,parametric,pass,120.1571301537771,100,140,mV,1,86.44068390340364
LOT001,W01,D0100,4,TEST_4,parametric,pass,124.338525383725,110,150,mV,1,37.0662776915633
LOT001,W01,D0100,5,TEST_5,parametric,pass,137.6156564122164,120,160,mV,1,92.3267056434315
LOT001,W01,D0100,6,TEST_6,parametric,pass,141.26775491814743,130,170,mV,1,60.61473546282182
LOT001,W01,D0100,7,TEST_7,parametric,pass,166.25261701803848,140,180,mV,1,22.06834759531702
LOT001,W01,D0100,8,TEST_8,functional,pass,,,,,1,28.300305975404896
LOT001,W01,D0100,9,TEST_9,functional,pass,,,,,1,93.00034940601002
LOT001,W01,D0100,10,TEST_10,functional,pass,,,,,1,18.321759687417728
LOT001,W01,D0101,1,TEST_1,parametric,pass,98.71686639916182,80,120,mV,1,75.21262410764817
LOT001,W01,D0101,2,TEST_2,parametric,pass,111.44425554701098,90,130,mV,1,70.63047285711207
LOT001,W01,D0101,3,TEST_3,parametric,pass,123.68027218234435,100,140,mV,1,64.26298404901684
LOT001,W01,D0101,4,TEST_4,parametric,pass,132.26297637059523,110,150,mV,1,78.55267757834889
LOT001,W01,D0101,5,TEST_5,parametric,pass,137.69744903564634,120,160,mV,1,75.18747158669342
LOT001,W01,D0101,6,TEST_6,parametric,pass,144.67315695890733,130,170,mV,1,88.25264663720841
LOT001,W01,D0101,7,TEST_7,parametric,pass,157.93533268741177,140,180,mV,1,39.96678797369391
LOT001,W01,D0101,8,TEST_8,functional,pass,,,,,1,11.380033560564355
LOT001,W01,D0101,9,TEST_9,functional,pass,,,,,1,96.5869800503013
LOT001,W01,D0101,10,TEST_10,functional,pass,,,,,1,99.96148063160305
LOT001,W01,D0102,1,TEST_1,parametric,pass,96.30534693374034,80,120,mV,1,64.3961380670903
LOT001,W01,D0102,2,TEST_2,parametric,pass,110.4922162076987,90,130,mV,1,28.406182868010433
LOT001,W01,D0102,3,TEST_3,parametric,pass,125.4570417468606,100,140,mV,1,79.79624938573933
LOT001,W01,D0102,4,TEST_4,parametric,pass,126.77856427980645,110,150,mV,1,44.25955699356303
LOT001,W01,D0102,5,TEST_5,parametric,pass,135.38737033741444,120,160,mV,1,33.54054646468174
LOT001,W01,D0102,6,TEST_6,parametric,pass,149.00995508084344,130,170,mV,1,56.15348860213962
LOT001,W01,D0102,7,TEST_7,parametric,pass,157.72200832691385,140,180,mV,1,98.3186611161919
LOT001,W01,D0102,8,TEST_8,functional,pass,,,,,1,85.57580634073163
LOT001,W01,D0102,9,TEST_9,functional,pass,,,,,1,43.36344292881326
LOT001,W01,D0102,10,TEST_10,functional,pass,,,,,1,60.62722547179189
LOT001,W01,D0103,1,TEST_1,parametric,pass,100.03897402523208,80,120,mV,1,29.914668848460273
LOT001,W01,D0103,2,TEST_2,parametric,pass,112.36443097759432,90,130,mV,1,94.12824252667181
LOT001,W01,D0103,3,TEST_3,parametric,pass,123.08497210553952,100,140,mV,1,62.12286334336604
LOT001,W01,D0103,4,TEST_4,parametric,pass,127.50162772401711,110,150,mV,1,39.68787573800739
LOT001,W01,D0103,5,TEST_5,parametric,pass,141.42342252768316,120,160,mV,1,44.18557972670387
LOT001,W01,D0103,6,TEST_6,parametric,pass,152.94149951775736,130,170,mV,1,68.91471695089197
LOT001,W01,D0103,7,TEST_7,parametric,pass,154.90734483797942,140,180,mV,1,71.63619511113156
LOT001,W01,D0103,8,TEST_8,functional,pass,,,,,1,83.94327457231206
LOT001,W01,D0103,9,TEST_9,functional,pass,,,,,1,67.75250089588366
LOT001,W01,D0103,10,TEST_10,functional,pass,,,,,1,25.14102813563869
LOT001,W01,D0104,1,TEST_1,parametric,pass,100.84908899345994,80,120,mV,1,74.82821776858843
LOT001,W01,D0104,2,TEST_2,parametric,pass,107.0757373475667,90,130,mV,1,53.94846891287192
LOT001,W01,D0104,3,TEST_3,parametric,pass,125.41699695809501,100,140,mV,1,67.76285168641299
LOT001,W01,D0104,4,TEST_4,parametric,pass,126.88304772693417,110,150,mV,1,15.285884642265712
LOT001,W01,D0104,5,TEST_5,parametric,pass,149.46548694182303,120,160,mV,1,95.06693000808083
LOT001,W01,D0104,6,TEST_6,parametric,pass,152.0424563939424,130,170,mV,1,70.13939890538376
LOT001,W01,D0104,7,TEST_7,parametric,pass,160.46389837705223,140,180,mV,1,85.82902451428136
LOT001,W01,D0104,8,TEST_8,functional,pass,,,,,1,73.64526073331139
LOT001,W01,D0104,9,TEST_9,functional,fail,,,,,10,51.040869307429055
LOT001,W01,D0104,10,TEST_10,functional,pass,,,,,1,67.39557325845901
LOT001,W01,D0105,1,TEST_1,parametric,pass,94.864868236857,80,120,mV,1,94.05133489882009
LOT001,W01,D0105,2,TEST_2,parametric,pass,116.26208977330396,90,130,mV,1,11.415859018229776
LOT001,W01,D0105,3,TEST_3,parametric,pass,116.17618233670818,100,140,mV,1,57.89912365114629
LOT001,W01,D0105,4,TEST_4,parametric,pass,129.2204941599004,110,150,mV,1,74.99734494631488
LOT001,W01,D0105,5,TEST_5,parametric,pass,140.48554207533192,120,160,mV,1,58.21642926315323
LOT001,W01,D0105,6,TEST_6,parametric,pass,148.65059637597204,130,170,mV,1,72.8073168595356
LOT001,W01,D0105,7,TEST_7,parametric,pass,165.74965778527132,140,180,mV,1,48.751588780843406
LOT001,W01,D0105,8,TEST_8,functional,pass,,,,,1,26.13401569151489
LOT001,W01,D0105,9,TEST_9,functional,pass,,,,,1,57.194686110323474
LOT001,W01,D0105,10,TEST_10,functional,pass,,,,,1,65.78027581707417
LOT001,W01,D0106,1,TEST_1,parametric,pass,99.92892814708271,80,120,mV,1,81.54426988751202
LOT001,W01,D0106,2,TEST_2,parametric,pass,114.67727379426547,90,130,mV,1,17.111731943299183
LOT001,W01,D0106,3,TEST_3,parametric,pass,125.36200154433021,100,140,mV,1,31.888710477359382
LOT001,W01,D0106,4,TEST_4,parametric,pass,128.59802600366217,110,150,mV,1,72.75126844888294
LOT001,W01,D0106,5,TEST_5,parametric,pass,137.10207348636004,120,160,mV,1,17.255522674591944
LOT001,W01,D0106,6,TEST_6,parametric,pass,158.9237386461618,130,170,mV,1,99.25072347551378
LOT001,W01,D0106,7,TEST_7,parametric,pass,159.2535345971256,140,180,mV,1,46.47504682938577
LOT001,W01,D0106,8,TEST_8,functional,pass,,,,,1,52.8404590118702
LOT001,W01,D0106,9,TEST_9,functional,pass,,,,,1,73.25606350171955
LOT001,W01,D0106,10,TEST_10,functional,pass,,,,,1,86.07968150862953
LOT001,W01,D0107,1,TEST_1,parametric,pass,98.97401006635549,80,120,mV,1,68.04165177489719
LOT001,W01,D0107,2,TEST_2,parametric,pass,103.27508178856527,90,130,mV,1,97.64557710724
LOT001,W01,D0107,3,TEST_3,parametric,pass,132.00455758129272,100,140,mV,1,90.53120909284297
LOT001,W01,D0107,4,TEST_4,parametric,pass,133.1566959263933,110,150,mV,1,91.11456631221265
LOT001,W01,D0107,5,TEST_5,parametric,pass,138.24263014488653,120,160,mV,1,72.30589412063276
LOT001,W01,D0107,6,TEST_6,parametric,pass,146.36870586340282,130,170,mV,1,93.17433399477098
LOT001,W01,D0107,7,TEST_7,parametric,pass,158.38003084677473,140,180,mV,1,71.59858691172772
LOT001,W01,D0107,8,TEST_8,functional,pass,,,,,1,58.87276284930026
LOT001,W01,D0107,9,TEST_9,functional,pass,,,,,1,26.141905289806218
LOT001,W01,D0107,10,TEST_10,functional,pass,,,,,1,11.409228567274116
LOT001,W01,D0108,1,TEST_1,parametric,pass,100.74204861429301,80,120,mV,1,83.86216673362274
LOT001,W01,D0108,2,TEST_2,parametric,pass,112.68975827455826,90,130,mV,1,83.88121490066231
LOT001,W01,D0108,3,TEST_3,parametric,pass,123.80276477881385,100,140,mV,1,60.75623796613884
LOT001,W01,D0108,4,TEST_4,parametric,pass,128.17761059337997,110,150,mV,1,61.002632790197055
LOT001,W01,D0108,5,TEST_5,parametric,pass,144.39725460477808,120,160,mV,1,58.650618790504964
LOT001,W01,D0108,6,TEST_6,parametric,pass,143.90289308801852,130,170,mV,1,44.54615926746155
LOT001,W01,D0108,7,TEST_7,parametric,pass,159.43078628908594,140,180,mV,1,72.03794870655776
LOT001,W01,D0108,8,TEST_8,functional,pass,,,,,1,77.09109051293953
LOT001,W01,D0108,9,TEST_9,functional,pass,,,,,1,18.79172086222427
LOT001,W01,D0108,10,TEST_10,functional,pass,,,,,1,16.84164219091346
LOT001,W01,D0109,1,TEST_1,parametric,pass,91.17803220649138,80,120,mV,1,64.46518688805779
LOT001,W01,D0109,2,TEST_2,parametric,pass,104.9215106164693,90,130,mV,1,97.20284744813995
LOT001,W01,D0109,3,TEST_3,parametric,pass,115.58666156300708,100,140,mV,1,39.37389822800688
LOT001,W01,D0109,4,TEST_4,parametric,pass,124.17908080386964,110,150,mV,1,50.549517528372334
LOT001,W01,D0109,5,TEST_5,parametric,pass,133.4703556702732,120,160,mV,1,30.532455086879487
LOT001,W01,D0109,6,TEST_6,parametric,pass,145.4156654376532,130,170,mV,1,26.71640613058609
LOT001,W01,D0109,7,TEST_7,parametric,pass,158.41310698651867,140,180,mV,1,62.72876090899461
LOT001,W01,D0109,8,TEST_8,functional,pass,,,,,1,79.49506637212208
LOT001,W01,D0109,9,TEST_9,functional,pass,,,,,1,32.18048031762069
LOT001,W01,D0109,10,TEST_10,functional,pass,,,,,1,34.117482780515296
LOT001,W01,D0110,1,TEST_1,parametric,pass,93.62002734063955,80,120,mV,1,23.884920154280778
LOT001,W01,D0110,2,TEST_2,parametric,pass,115.99119363430539,90,130,mV,1,45.065977785744074
LOT001,W01,D0110,3,TEST_3,parametric,pass,118.59618564178403,100,140,mV,1,94.86642046082072
LOT001,W01,D0110,4,TEST_4,parametric,pass,131.68179937171388,110,150,mV,1,50.02622784966658
LOT001,W01,D0110,5,TEST_5,parametric,pass,140.16540718355554,120,160,mV,1,17.85675091196045
LOT001,W01,D0110,6,TEST_6,parametric,pass,147.6837988794076,130,170,mV,1,48.78815643784352
LOT001,W01,D0110,7,TEST_7,parametric,pass,154.38697038054545,140,180,mV,1,19.29636346074619
LOT001,W01,D0110,8,TEST_8,functional,pass,,,,,1,59.879782485781476
LOT001,W01,D0110,9,TEST_9,functional,pass,,,,,1,80.59948518275267
LOT001,W01,D0110,10,TEST_10,functional,pass,,,,,1,11.1106553395559
LOT001,W01,D0111,1,TEST_1,parametric,pass,97.89974252609932,80,120,mV,1,47.24290627913147
LOT001,W01,D0111,2,TEST_2,parametric,pass,111.46392526860477,90,130,mV,1,60.35828911862284
LOT001,W01,D0111,3,TEST_3,parametric,pass,112.1020415335324,100,140,mV,1,99.3457180115251
LOT001,W01,D0111,4,TEST_4,parametric,pass,130.2765792495171,110,150,mV,1,71.67843926151008
LOT001,W01,D0111,5,TEST_5,parametric,pass,146.06111792833886,120,160,mV,1,25.255157072064314
LOT001,W01,D0111,6,TEST_6,parametric,pass,149.53120254438332,130,170,mV,1,23.134133858189305
LOT001,W01,D0111,7,TEST_7,parametric,pass,163.92514478854372,140,180,mV,1,25.04866606832194
LOT001,W01,D0111,8,TEST_8,functional,pass,,,,,1,36.977702852940695
LOT001,W01,D0111,9,TEST_9,functional,pass,,,,,1,42.501242106057525
LOT001,W01,D0111,10,TEST_10,functional,pass,,,,,1,74.88095072100334
LOT001,W01,D0112,1,TEST_1,parametric,pass,93.07833447277781,80,120,mV,1,51.20754696151251
LOT001,W01,D0112,2,TEST_2,parametric,pass,110.18259481575221,90,130,mV,1,22.194057311260845
LOT001,W01,D0112,3,TEST_3,parametric,pass,125.01378674434822,100,140,mV,1,85.74520480496658
LOT001,W01,D0112,4,TEST_4,parametric,pass,130.21331797730454,110,150,mV,1,44.19009605323434
LOT001,W01,D0112,5,TEST_5,parametric,pass,143.49026798224986,120,160,mV,1,48.7554598852455
LOT001,W01,D0112,6,TEST_6,parametric,pass,145.89770042036938,130,170,mV,1,84.11817161258877
LOT001,W01,D0112,7,TEST_7,parametric,pass,156.0873137398648,140,180,mV,1,37.0391756211211
LOT001,W01,D0112,8,TEST_8,functional,pass,,,,,1,72.57630659696932
LOT001,W01,D0112,9,TEST_9,functional,pass,,,,,1,25.98735441872266
LOT001,W01,D0112,10,TEST_10,functional,pass,,,,,1,38.72238983385513
LOT001,W01,D0113,1,TEST_1,parametric,pass,94.54020104067575,80,120,mV,1,76.13869288970677
LOT001,W01,D0113,2,TEST_2,parametric,pass,101.20493712019065,90,130,mV,1,80.37769326432188
LOT001,W01,D0113,3,TEST_3,parametric,pass,110.28511336063731,100,140,mV,1,39.32976136986149
LOT001,W01,D0113,4,TEST_4,parametric,pass,128.33886020252365,110,150,mV,1,42.85139836557138
LOT001,W01,D0113,5,TEST_5,parametric,pass,148.6196521567953,120,160,mV,1,93.88604373296012
LOT001,W01,D0113,6,TEST_6,parametric,pass,155.3287799676799,130,170,mV,1,26.193449134782973
LOT001,W01,D0113,7,TEST_7,parametric,pass,176.33046044875596,140,180,mV,1,79.08561169735285
LOT001,W01,D0113,8,TEST_8,functional,fail,,,,,9,94.8677423876005
LOT001,W01,D0113,9,TEST_9,functional,pass,,,,,1,81.79169689282632
LOT001,W01,D0113,10,TEST_10,functional,pass,,,,,1,16.22428047438636
LOT001,W01,D0114,1,TEST_1,parametric,pass,105.1319548252031,80,120,mV,1,70.56798871559864
LOT001,W01,D0114,2,TEST_2,parametric,pass,102.72597539951289,90,130,mV,1,22.52612104267063
LOT001,W01,D0114,3,TEST_3,parametric,pass,118.75633067654589,100,140,mV,1,23.872891101027086
LOT001,W01,D0114,4,TEST_4,parametric,pass,133.6078372489787,110,150,mV,1,48.081515960521315
LOT001,W01,D0114,5,TEST_5,parametric,pass,136.0915031707841,120,160,mV,1,63.814046927773376
LOT001,W01,D0114,6,TEST_6,parametric,pass,153.81191958417025,130,170,mV,1,62.40196172947032
LOT001,W01,D0114,7,TEST_7,parametric,pass,148.92659582049342,140,180,mV,1,88.26703520308284
LOT001,W01,D0114,8,TEST_8,functional,pass,,,,,1,13.30886476609768
LOT001,W01,D0114,9,TEST_9,functional,pass,,,,,1,73.14708583500337
LOT001,W01,D0114,10,TEST_10,functional,pass,,,,,1,63.44379490193898
LOT001,W01,D0115,1,TEST_1,parametric,pass,97.57097309553897,80,120,mV,1,92.29611238575261
LOT001,W01,D0115,2,TEST_2,parametric,pass,112.91980356633151,90,130,mV,1,69.82244984768923
LOT001,W01,D0115,3,TEST_3,parametric,pass,122.3960497105803,100,140,mV,1,24.970464395210037
LOT001,W01,D0115,4,TEST_4,parametric,pass,125.11104362615089,110,150,mV,1,68.05280835160963
LOT001,W01,D0115,5,TEST_5,parametric,pass,135.8149765613443,120,160,mV,1,68.20692454252836
LOT001,W01,D0115,6,TEST_6,parametric,pass,154.3908842516207,130,170,mV,1,81.66079579845814
LOT001,W01,D0115,7,TEST_7,parametric,pass,159.07085367132674,140,180,mV,1,19.53500964454785
LOT001,W01,D0115,8,TEST_8,functional,pass,,,,,1,29.980097159451702
LOT001,W01,D0115,9,TEST_9,functional,pass,,,,,1,60.21940747087185
LOT001,W01,D0115,10,TEST_10,functional,pass,,,,,1,29.89285625606827
LOT001,W01,D0116,1,TEST_1,parametric,pass,96.07892005979409,80,120,mV,1,71.1599938792966
LOT001,W01,D0116,2,TEST_2,parametric,pass,113.96470389974917,90,130,mV,1,72.13935751499176
LOT001,W01,D0116,3,TEST_3,parametric,pass,130.17892833659133,100,140,mV,1,53.4493976042378
LOT001,W01,D0116,4,TEST_4,parametric,pass,144.14888719994303,110,150,mV,1,36.58889984665653
LOT001,W01,D0116,5,TEST_5,parametric,pass,141.8600078175671,120,160,mV,1,84.81859702364247
LOT001,W01,D0116,6,TEST_6,parametric,pass,148.98576936207027,130,170,mV,1,75.71356507205043
LOT001,W01,D0116,7,TEST_7,parametric,pass,157.3449641646869,140,180,mV,1,80.58429977758273
LOT001,W01,D0116,8,TEST_8,functional,pass,,,,,1,41.34702669720819
LOT001,W01,D0116,9,TEST_9,functional,pass,,,,,1,74.97945489517372
LOT001,W01,D0116,10,TEST_10,functional,pass,,,,,1,16.045690603731323
LOT001,W01,D0117,1,TEST_1,parametric,pass,103.73623107439181,80,120,mV,1,14.021474740778903
LOT001,W01,D0117,2,TEST_2,parametric,pass,109.73928519923552,90,130,mV,1,40.87701528010736
LOT001,W01,D0117,3,TEST_3,parametric,pass,118.9635488158229,100,140,mV,1,19.842641360629642
LOT001,W01,D0117,4,TEST_4,parametric,pass,133.56597320204824,110,150,mV,1,76.64405362272385
LOT001,W01,D0117,5,TEST_5,parametric,pass,129.03681285996447,120,160,mV,1,56.4394511707186
LOT001,W01,D0117,6,TEST_6,parametric,pass,145.75329527532392,130,170,mV,1,48.37324452595141
LOT001,W01,D0117,7,TEST_7,parametric,pass,158.56358543500812,140,180,mV,1,51.58487417449801
LOT001,W01,D0117,8,TEST_8,functional,pass,,,,,1,66.67842869908108
LOT001,W01,D0117,9,TEST_9,functional,pass,,,,,1,69.15771200427488
LOT001,W01,D0117,10,TEST_10,functional,pass,,,,,1,76.36495325915234
LOT001,W01,D0118,1,TEST_1,parametric,pass,104.05497804885303,80,120,mV,1,48.65975569930091
LOT001,W01,D0118,2,TEST_2,parametric,pass,106.33798106904483,90,130,mV,1,10.400503899352287
LOT001,W01,D0118,3,TEST_3,parametric,pass,120.88604465279433,100,140,mV,1,73.33837690044702
LOT001,W01,D0118,4,TEST_4,parametric,pass,133.94021799038964,110,150,mV,1,81.64072458170904
LOT001,W01,D0118,5,TEST_5,parametric,pass,132.07419904802433,120,160,mV,1,58.320010951357965
LOT001,W01,D0118,6,TEST_6,parametric,pass,145.81319708641686,130,170,mV,1,42.92137264712633
LOT001,W01,D0118,7,TEST_7,parametric,pass,160.80291186864423,140,180,mV,1,70.36312854019766
LOT001,W01,D0118,8,TEST_8,functional,pass,,,,,1,96.93247599541971
LOT001,W01,D0118,9,TEST_9,functional,pass,,,,,1,44.977533482147436
LOT001,W01,D0118,10,TEST_10,functional,pass,,,,,1,20.280886600265035
LOT001,W01,D0119,1,TEST_1,parametric,pass,102.32480275679939,80,120,mV,1,41.67864319754095
LOT001,W01,D0119,2,TEST_2,parametric,pass,107.03006147194499,90,130,mV,1,70.62299760832602
LOT001,W01,D0119,3,TEST_3,parametric,pass,120.80525534540327,100,140,mV,1,82.05520448662367
LOT001,W01,D0119,4,TEST_4,parametric,pass,135.8254563281124,110,150,mV,1,70.48990735452844
LOT001,W01,D0119,5,TEST_5,parametric,pass,136.73434523185858,120,160,mV,1,38.186717037912814
LOT001,W01,D0119,6,TEST_6,parametric,pass,150.17889407930969,130,170,mV,1,43.597546386787954
LOT001,W01,D0119,7,TEST_7,parametric,pass,162.48728920536337,140,180,mV,1,22.72226889412282
LOT001,W01,D0119,8,TEST_8,functional,pass,,,,,1,63.67832356995386
LOT001,W01,D0119,9,TEST_9,functional,pass,,,,,1,48.07349038658911
LOT001,W01,D0119,10,TEST_10,functional,pass,,,,,1,58.36413429982187
LOT001,W01,D0120,1,TEST_1,parametric,pass,110.09411433055115,80,120,mV,1,25.59113219337263
LOT001,W01,D0120,2,TEST_2,parametric,pass,104.3812170174356,90,130,mV,1,25.017897144465017
LOT001,W01,D0120,3,TEST_3,parametric,pass,119.22249145053539,100,140,mV,1,85.77866927228932
LOT001,W01,D0120,4,TEST_4,parametric,pass,133.1229396444916,110,150,mV,1,65.74689809102574
LOT001,W01,D0120,5,TEST_5,parametric,pass,148.17443401095076,120,160,mV,1,53.614802750111544
LOT001,W01,D0120,6,TEST_6,parametric,pass,140.78902950015748,130,170,mV,1,27.561564247082426
LOT001,W01,D0120,7,TEST_7,parametric,pass,155.21181844831236,140,180,mV,1,68.7762784551627
LOT001,W01,D0120,8,TEST_8,functional,pass,,,,,1,54.25532920216574
LOT001,W01,D0120,9,TEST_9,functional,pass,,,,,1,49.9466568528336
LOT001,W01,D0120,10,TEST_10,functional,pass,,,,,1,60.88580193204777
LOT001,W01,D0121,1,TEST_1,parametric,pass,104.27813633930971,80,120,mV,1,81.62928006421846
LOT001,W01,D0121,2,TEST_2,parametric,pass,110.23736027477422,90,130,mV,1,30.235907497888615
LOT001,W01,D0121,3,TEST_3,parametric,pass,121.26717632105547,100,140,mV,1,35.98032791270917
LOT001,W01,D0121,4,TEST_4,parametric,pass,131.23944243174134,110,150,mV,1,79.52928743461341
LOT001,W01,D0121,5,TEST_5,parametric,pass,133.66288184886574,120,160,mV,1,54.57820087280389
LOT001,W01,D0121,6,TEST_6,parametric,pass,143.4946634557569,130,170,mV,1,34.11000184536108
LOT001,W01,D0121,7,TEST_7,parametric,pass,159.55763386721102,140,180,mV,1,58.879556388374056
LOT001,W01,D0121,8,TEST_8,functional,pass,,,,,1,58.78390412058668
LOT001,W01,D0121,9,TEST_9,functional,pass,,,,,1,78.40037178030775
LOT001,W01,D0121,10,TEST_10,functional,pass,,,,,1,29.66877415090661
LOT001,W01,D0122,1,TEST_1,parametric,pass,92.72564935524115,80,120,mV,1,68.8304532142065
LOT001,W01,D0122,2,TEST_2,parametric,pass,113.69756554168076,90,130,mV,1,32.27784623797092
LOT001,W01,D0122,3,TEST_3,parametric,pass,120.90392128518408,100,140,mV,1,33.65337022671049
LOT001,W01,D0122,4,TEST_4,parametric,pass,129.09391617202454,110,150,mV,1,87.59796629477718
LOT001,W01,D0122,5,TEST_5,parametric,pass,148.55322199380333,120,160,mV,1,20.564742384901997
LOT001,W01,D0122,6,TEST_6,parametric,pass,155.2032793579714,130,170,mV,1,83.07000213358658
LOT001,W01,D0122,7,TEST_7,parametric,pass,162.04010885886566,140,180,mV,1,72.02202284005861
LOT001,W01,D0122,8,TEST_8,functional,pass,,,,,1,64.92356223575291
LOT001,W01,D0122,9,TEST_9,functional,pass,,,,,1,65.45360798039397
LOT001,W01,D0122,10,TEST_10,functional,pass,,,,,1,83.21768789458903
LOT001,W01,D0123,1,TEST_1,parametric,pass,107.92052338585478,80,120,mV,1,82.48964440332504
LOT001,W01,D0123,2,TEST_2,parametric,pass,104.42391210856539,90,130,mV,1,63.71719172961391
LOT001,W01,D0123,3,TEST_3,parametric,pass,117.37291003147688,100,140,mV,1,25.153962814277595
LOT001,W01,D0123,4,TEST_4,parametric,pass,134.12441246953793,110,150,mV,1,61.54620218322333
LOT001,W01,D0123,5,TEST_5,parametric,pass,139.4526203798461,120,160,mV,1,95.71576108948526
LOT001,W01,D0123,6,TEST_6,parametric,pass,139.3105442590818,130,170,mV,1,83.36628152854938
LOT001,W01,D0123,7,TEST_7,parametric,pass,159.0291780557595,140,180,mV,1,22.203001578520823
LOT001,W01,D0123,8,TEST_8,functional,pass,,,,,1,47.04366007960724
LOT001,W01,D0123,9,TEST_9,functional,pass,,,,,1,34.95911820258411
LOT001,W01,D0123,10,TEST_10,functional,pass,,,,,1,73.12838746567883
LOT001,W01,D0124,1,TEST_1,parametric,pass,101.88979047168235,80,120,mV,1,38.98870404484392
LOT001,W01,D0124,2,TEST_2,parametric,pass,112.08186248168433,90,130,mV,1,32.2799266020404
LOT001,W01,D0124,3,TEST_3,parametric,pass,122.76925894371334,100,140,mV,1,22.795446976783104
LOT001,W01,D0124,4,TEST_4,parametric,pass,125.8445354675755,110,150,mV,1,66.916178421561
LOT001,W01,D0124,5,TEST_5,parametric,pass,136.63228596936762,120,160,mV,1,16.796464599866407
LOT001,W01,D0124,6,TEST_6,parametric,pass,146.51109303666365,130,170,mV,1,81.51387676008981
LOT001,W01,D0124,7,TEST_7,parametric,pass,160.60103012866762,140,180,mV,1,77.4822144585871
LOT001,W01,D0124,8,TEST_8,functional,pass,,,,,1,88.95856211495702
LOT001,W01,D0124,9,TEST_9,functional,pass,,,,,1,53.924003239393485
LOT001,W01,D0124,10,TEST_10,functional,pass,,,,,1,88.20169865840803
LOT001,W01,D0125,1,TEST_1,parametric,pass,94.95835596484254,80,120,mV,1,86.24505934078367
LOT001,W01,D0125,2,TEST_2,parametric,pass,121.1540881979913,90,130,mV,1,67.13564909825432
LOT001,W01,D0125,3,TEST_3,parametric,pass,127.39141097695263,100,140,mV,1,72.75600800097023
LOT001,W01,D0125,4,TEST_4,parametric,pass,135.24246534069854,110,150,mV,1,45.79442813697974
LOT001,W01,D0125,5,TEST_5,parametric,pass,132.79448515993587,120,160,mV,1,97.13157220682412
LOT001,W01,D0125,6,TEST_6,parametric,pass,152.64733180067554,130,170,mV,1,39.057863463095764
LOT001,W01,D0125,7,TEST_7,parametric,pass,154.7920002140407,140,180,mV,1,35.52337684033783
LOT001,W01,D0125,8,TEST_8,functional,pass,,,,,1,21.75348252767912
LOT001,W01,D0125,9,TEST_9,functional,pass,,,,,1,80.94732881290142
LOT001,W01,D0125,10,TEST_10,functional,pass,,,,,1,78.60286201802516
LOT001,W01,D0126,1,TEST_1,parametric,pass,106.72397855425551,80,120,mV,1,85.30319609762995
LOT001,W01,D0126,2,TEST_2,parametric,pass,111.9967705252471,90,130,mV,1,11.465321713546997
LOT001,W01,D0126,3,TEST_3,parametric,pass,122.64866638624112,100,140,mV,1,51.08663223729158
LOT001,W01,D0126,4,TEST_4,parametric,pass,128.74208478020358,110,150,mV,1,99.26544149386032
LOT001,W01,D0126,5,TEST_5,parametric,pass,125.16515933683598,120,160,mV,1,91.84664928817881
LOT001,W01,D0126,6,TEST_6,parametric,pass,157.2329519996432,130,170,mV,1,89.3932987637799
LOT001,W01,D0126,7,TEST_7,parametric,pass,156.73922063572857,140,180,mV,1,88.89355335132592
LOT001,W01,D0126,8,TEST_8,functional,pass,,,,,1,42.43918450575348
LOT001,W01,D0126,9,TEST_9,functional,pass,,,,,1,69.80579302714783
LOT001,W01,D0126,10,TEST_10,functional,pass,,,,,1,14.66085475437895
LOT001,W01,D0127,1,TEST_1,parametric,pass,109.6493146441337,80,120,mV,1,66.30438467484586
LOT001,W01,D0127,2,TEST_2,parametric,pass,108.73917860619686,90,130,mV,1,48.630784667981196
LOT001,W01,D0127,3,TEST_3,parametric,pass,111.70647335025356,100,140,mV,1,18.207926849520383
LOT001,W01,D0127,4,TEST_4,parametric,pass,132.86321391128206,110,150,mV,1,17.014484941534555
LOT001,W01,D0127,5,TEST_5,parametric,pass,141.95067249224556,120,160,mV,1,63.431154715695804
LOT001,W01,D0127,6,TEST_6,parametric,pass,144.61408641095588,130,170,mV,1,10.725631211725911
LOT001,W01,D0127,7,TEST_7,parametric,pass,159.33869948497198,140,180,mV,1,40.92167350306967
LOT001,W01,D0127,8,TEST_8,functional,pass,,,,,1,87.43062636262367
LOT001,W01,D0127,9,TEST_9,functional,pass,,,,,1,52.99302172939887
LOT001,W01,D0127,10,TEST_10,functional,pass,,,,,1,18.03979728943634
LOT001,W01,D0128,1,TEST_1,parametric,pass,100.80370269057887,80,120,mV,1,43.08055206603564
LOT001,W01,D0128,2,TEST_2,parametric,pass,107.80904864759137,90,130,mV,1,36.932979467076336
LOT001,W01,D0128,3,TEST_3,parametric,pass,113.21540461939706,100,140,mV,1,88.70475658761829
LOT001,W01,D0128,4,TEST_4,parametric,pass,136.15630334413504,110,150,mV,1,67.74185336652855
LOT001,W01,D0128,5,TEST_5,parametric,pass,139.16803172054952,120,160,mV,1,60.69620930226689
LOT001,W01,D0128,6,TEST_6,parametric,pass,148.3114980535953,130,170,mV,1,64.92873153464362
LOT001,W01,D0128,7,TEST_7,parametric,pass,162.38967017930204,140,180,mV,1,29.17499062811734
LOT001,W01,D0128,8,TEST_8,functional,pass,,,,,1,92.79047121892788
LOT001,W01,D0128,9,TEST_9,functional,pass,,,,,1,49.814548249517586
LOT001,W01,D0128,10,TEST_10,functional,pass,,,,,1,90.69336510480835
LOT001,W01,D0129,1,TEST_1,parametric,pass,103.98999609012692,80,120,mV,1,22.601182741821614
LOT001,W01,D0129,2,TEST_2,parametric,pass,115.78723929171296,90,130,mV,1,41.63820763448166
LOT001,W01,D0129,3,TEST_3,parametric,pass,125.65475212969966,100,140,mV,1,48.64498673606909
LOT001,W01,D0129,4,TEST_4,parametric,pass,130.96304839377456,110,150,mV,1,68.01585113691078
LOT001,W01,D0129,5,TEST_5,parametric,pass,136.3518108920119,120,160,mV,1,32.335032446724895
LOT001,W01,D0129,6,TEST_6,parametric,pass,143.56459059919538,130,170,mV,1,35.64287290056995
LOT001,W01,D0129,7,TEST_7,parametric,pass,155.26239676475018,140,180,mV,1,94.71513205873107
LOT001,W01,D0129,8,TEST_8,functional,fail,,,,,6,28.490114633719774
LOT001,W01,D0129,9,TEST_9,functional,pass,,,,,1,26.978187093927914
LOT001,W01,D0129,10,TEST_10,functional,pass,,,,,1,68.15527971767798
LOT001,W01,D0130,1,TEST_1,parametric,pass,101.87282059933648,80,120,mV,1,31.540696878283427
LOT001,W01,D0130,2,TEST_2,parametric,pass,101.314802724001,90,130,mV,1,44.72970172872342
LOT001,W01,D0130,3,TEST_3,parametric,pass,120.39924191965187,100,140,mV,1,16.391080152584493
LOT001,W01,D0130,4,TEST_4,parametric,pass,137.1174104891888,110,150,mV,1,89.9852075278217
LOT001,W01,D0130,5,TEST_5,parametric,pass,144.71929059392107,120,160,mV,1,38.4825385501866
LOT001,W01,D0130,6,TEST_6,parametric,pass,150.35850040855124,130,170,mV,1,44.81544239426597
LOT001,W01,D0130,7,TEST_7,parametric,pass,162.7716971951455,140,180,mV,1,59.17205990452159
LOT001,W01,D0130,8,TEST_8,functional,pass,,,,,1,52.391316338634255
LOT001,W01,D0130,9,TEST_9,functional,pass,,,,,1,16.569265659913757
LOT001,W01,D0130,10,TEST_10,functional,pass,,,,,1,11.241408315276168
LOT001,W01,D0131,1,TEST_1,parametric,pass,95.5695878847944,80,120,mV,1,29.416864466551072
LOT001,W01,D0131,2,TEST_2,parametric,pass,120.77186831565659,90,130,mV,1,45.81775214966353
LOT001,W01,D0131,3,TEST_3,parametric,pass,114.30345833180021,100,140,mV,1,35.78390200861813
LOT001,W01,D0131,4,TEST_4,parametric,pass,128.01409491002775,110,150,mV,1,48.12177116545257
LOT001,W01,D0131,5,TEST_5,parametric,pass,131.69845598027868,120,160,mV,1,46.204966958004995
LOT001,W01,D0131,6,TEST_6,parametric,pass,146.05735701519498,130,170,mV,1,23.74123994240236
LOT001,W01,D0131,7,TEST_7,parametric,pass,155.20127092955545,140,180,mV,1,17.52373664000347
LOT001,W01,D0131,8,TEST_8,functional,pass,,,,,1,92.88323728954623
LOT001,W01,D0131,9,TEST_9,functional,pass,,,,,1,23.9839418103927
LOT001,W01,D0131,10,TEST_10,functional,pass,,,,,1,62.77934467111887
LOT001,W01,D0132,1,TEST_1,parametric,pass,100.60116710863635,80,120,mV,1,67.88391125165192
LOT001,W01,D0132,2,TEST_2,parametric,pass,102.78149698858911,90,130,mV,1,37.9152544057431
LOT001,W01,D0132,3,TEST_3,parametric,pass,108.56004986617127,100,140,mV,1,31.477364936556928
LOT001,W01,D0132,4,TEST_4,parametric,pass,134.73975788180275,110,150,mV,1,32.00317783474289
LOT001,W01,D0132,5,TEST_5,parametric,pass,142.20952282625782,120,160,mV,1,65.10671149786499
LOT001,W01,D0132,6,TEST_6,parametric,pass,148.86767463120893,130,170,mV,1,14.952575771779602
LOT001,W01,D0132,7,TEST_7,parametric,pass,156.3141501787419,140,180,mV,1,25.808131327851637
LOT001,W01,D0132,8,TEST_8,functional,fail,,,,,4,73.13496501014794
LOT001,W01,D0132,9,TEST_9,functional,pass,,,,,1,95.77145815792278
LOT001,W01,D0132,10,TEST_10,functional,pass,,,,,1,80.46883913893713
LOT001,W01,D0133,1,TEST_1,parametric,pass,93.66996099291887,80,120,mV,1,74.8688966284113
LOT001,W01,D0133,2,TEST_2,parametric,pass,111.29839232385193,90,130,mV,1,80.30115819432888
LOT001,W01,D0133,3,TEST_3,parametric,pass,122.2585812620686,100,140,mV,1,34.18880377683211
LOT001,W01,D0133,4,TEST_4,parametric,pass,136.49402993817708,110,150,mV,1,12.642062605552315
LOT001,W01,D0133,5,TEST_5,parametric,pass,134.37654223821696,120,160,mV,1,82.63970619916329
LOT001,W01,D0133,6,TEST_6,parametric,pass,149.74990510874758,130,170,mV,1,74.10909233804459
LOT001,W01,D0133,7,TEST_7,parametric,pass,161.79933458542212,140,180,mV,1,61.89865072427656
LOT001,W01,D0133,8,TEST_8,functional,pass,,,,,1,50.967799991148475
LOT001,W01,D0133,9,TEST_9,functional,pass,,,,,1,54.964900518524495
LOT001,W01,D0133,10,TEST_10,functional,pass,,,,,1,43.091900007113054
LOT001,W01,D0134,1,TEST_1,parametric,pass,99.92510906671176,80,120,mV,1,61.652107467285084
LOT001,W01,D0134,2,TEST_2,parametric,pass,112.32896163754815,90,130,mV,1,75.05005359932798
LOT001,W01,D0134,3,TEST_3,parametric,pass,120.80652366502002,100,140,mV,1,13.963411653652859
LOT001,W01,D0134,4,TEST_4,parametric,pass,135.90738925605396,110,150,mV,1,87.66356454123502
LOT001,W01,D0134,5,TEST_5,parametric,pass,140.19334985635336,120,160,mV,1,44.46815269306592
LOT001,W01,D0134,6,TEST_6,parametric,pass,155.6456423825253,130,170,mV,1,23.507620141703505
LOT001,W01,D0134,7,TEST_7,parametric,pass,168.96097126097726,140,180,mV,1,59.75783096462781
LOT001,W01,D0134,8,TEST_8,functional,pass,,,,,1,76.65992452959192
LOT001,W01,D0134,9,TEST_9,functional,pass,,,,,1,38.96218130248551
LOT001,W01,D0134,10,TEST_10,functional,pass,,,,,1,74.82591292853773
LOT001,W01,D0135,1,TEST_1,parametric,pass,95.86279508354927,80,120,mV,1,34.4132162208835
LOT001,W01,D0135,2,TEST_2,parametric,pass,114.26273531623453,90,130,mV,1,55.183684830362445
LOT001,W01,D0135,3,TEST_3,parametric,pass,122.27029275041893,100,140,mV,1,91.17469083324443
LOT001,W01,D0135,4,TEST_4,parametric,pass,133.87906598494345,110,150,mV,1,98.32724775473454
LOT001,W01,D0135,5,TEST_5,parametric,pass,148.15605186144535,120,160,mV,1,95.86714667143849
LOT001,W01,D0135,6,TEST_6,parametric,pass,155.0767740238966,130,170,mV,1,35.40761835588122
LOT001,W01,D0135,7,TEST_7,parametric,pass,162.34725255647024,140,180,mV,1,86.03618538351952
LOT001,W01,D0135,8,TEST_8,functional,pass,,,,,1,59.77822557916608
LOT001,W01,D0135,9,TEST_9,functional,fail,,,,,5,36.243558159042934
LOT001,W01,D0135,10,TEST_10,functional,pass,,,,,1,76.56183880600763
LOT001,W01,D0136,1,TEST_1,parametric,pass,100.22321610193646,80,120,mV,1,97.46719706358358
LOT001,W01,D0136,2,TEST_2,parametric,pass,114.7869741238049,90,130,mV,1,99.8008404637515
LOT001,W01,D0136,3,TEST_3,parametric,pass,121.31477804619121,100,140,mV,1,59.190331834878016
LOT001,W01,D0136,4,TEST_4,parametric,pass,121.98774115213371,110,150,mV,1,81.6376187060879
LOT001,W01,D0136,5,TEST_5,parametric,pass,146.78853758162302,120,160,mV,1,12.151923037840394
LOT001,W01,D0136,6,TEST_6,parametric,pass,159.41388853167967,130,170,mV,1,58.73906799538532
LOT001,W01,D0136,7,TEST_7,parametric,pass,154.9494033271919,140,180,mV,1,10.863533806719804
LOT001,W01,D0136,8,TEST_8,functional,pass,,,,,1,78.30362378923107
LOT001,W01,D0136,9,TEST_9,functional,pass,,,,,1,76.4274394173127
LOT001,W01,D0136,10,TEST_10,functional,pass,,,,,1,28.467493561530883
LOT001,W01,D0137,1,TEST_1,parametric,pass,94.20241808303707,80,120,mV,1,98.4804167705408
LOT001,W01,D0137,2,TEST_2,parametric,pass,98.83815464402457,90,130,mV,1,97.5303312370653
LOT001,W01,D0137,3,TEST_3,parametric,pass,126.15310589368048,100,140,mV,1,22.813613668447154
LOT001,W01,D0137,4,TEST_4,parametric,pass,129.72087810362916,110,150,mV,1,30.832531606822247
LOT001,W01,D0137,5,TEST_5,parametric,pass,141.4719861774692,120,160,mV,1,86.09538120611256
LOT001,W01,D0137,6,TEST_6,parametric,pass,140.9183127305859,130,170,mV,1,51.26122256897338
LOT001,W01,D0137,7,TEST_7,parametric,pass,165.52165487568487,140,180,mV,1,77.3109458956213
LOT001,W01,D0137,8,TEST_8,functional,pass,,,,,1,55.488498747469826
LOT001,W01,D0137,9,TEST_9,functional,pass,,,,,1,45.49161603104131
LOT001,W01,D0137,10,TEST_10,functional,pass,,,,,1,15.605457716796234
LOT001,W01,D0138,1,TEST_1,parametric,pass,98.61642609446925,80,120,mV,1,36.25084216512131
LOT001,W01,D0138,2,TEST_2,parametric,pass,107.74399704992679,90,130,mV,1,86.58223352097572
LOT001,W01,D0138,3,TEST_3,parametric,pass,124.46599034343605,100,140,mV,1,84.87098512188909
LOT001,W01,D0138,4,TEST_4,parametric,pass,127.76117079857465,110,150,mV,1,39.36264119018014
LOT001,W01,D0138,5,TEST_5,parametric,pass,136.51213925421993,120,160,mV,1,94.91992174270851
LOT001,W01,D0138,6,TEST_6,parametric,pass,151.0668235404725,130,170,mV,1,22.250066177504713
LOT001,W01,D0138,7,TEST_7,parametric,pass,160.30323027541883,140,180,mV,1,19.509197509242206
LOT001,W01,D0138,8,TEST_8,functional,pass,,,,,1,38.2629959030906
LOT001,W01,D0138,9,TEST_9,functional,pass,,,,,1,42.245870134362015
LOT001,W01,D0138,10,TEST_10,functional,pass,,,,,1,50.672536922601566
LOT001,W01,D0139,1,TEST_1,parametric,pass,97.6173398236038,80,120,mV,1,51.70119355507725
LOT001,W01,D0139,2,TEST_2,parametric,pass,111.30682841034722,90,130,mV,1,82.68372142124873
LOT001,W01,D0139,3,TEST_3,parametric,pass,118.2590621647914,100,140,mV,1,37.37934845965207
LOT001,W01,D0139,4,TEST_4,parametric,pass,128.09097794606967,110,150,mV,1,29.351871052631935
LOT001,W01,D0139,5,TEST_5,parametric,pass,133.47430495847934,120,160,mV,1,87.09159440920821
LOT001,W01,D0139,6,TEST_6,parametric,pass,154.6986033723384,130,170,mV,1,97.1560003758732
LOT001,W01,D0139,7,TEST_7,parametric,pass,166.32588293034354,140,180,mV,1,45.6620016411794
LOT001,W01,D0139,8,TEST_8,functional,fail,,,,,6,33.415011344910155
LOT001,W01,D0139,9,TEST_9,functional,pass,,,,,1,12.797388402288359
LOT001,W01,D0139,10,TEST_10,functional,pass,,,,,1,50.69810524609564
LOT001,W01,D0140,1,TEST_1,parametric,pass,99.95422644061026,80,120,mV,1,51.5838923988615
LOT001,W01,D0140,2,TEST_2,parametric,pass,106.20893358225452,90,130,mV,1,82.35070780994651
LOT001,W01,D0140,3,TEST_3,parametric,pass,120.49511901193576,100,140,mV,1,84.73350987051724
LOT001,W01,D0140,4,TEST_4,parametric,pass,130.59691395670396,110,150,mV,1,98.43105137352595
LOT001,W01,D0140,5,TEST_5,parametric,pass,146.34603657672398,120,160,mV,1,43.50157694343979
LOT001,W01,D0140,6,TEST_6,parametric,pass,156.81899480587677,130,170,mV,1,66.7267793743442
LOT001,W01,D0140,7,TEST_7,parametric,pass,155.94019944973908,140,180,mV,1,33.293858711187326
LOT001,W01,D0140,8,TEST_8,functional,pass,,,,,1,11.962016446475145
LOT001,W01,D0140,9,TEST_9,functional,pass,,,,,1,91.22464737399532
LOT001,W01,D0140,10,TEST_10,functional,pass,,,,,1,21.591239409730406
LOT001,W01,D0141,1,TEST_1,parametric,pass,94.78747095440818,80,120,mV,1,91.45701733421376
LOT001,W01,D0141,2,TEST_2,parametric,pass,112.14605189437688,90,130,mV,1,13.842668718138773
LOT001,W01,D0141,3,TEST_3,parametric,pass,116.05866303014163,100,140,mV,1,51.48954298017466
LOT001,W01,D0141,4,TEST_4,parametric,pass,133.21832142268246,110,150,mV,1,83.95168613790554
LOT001,W01,D0141,5,TEST_5,parametric,pass,145.68283504343862,120,160,mV,1,45.54988193997275
LOT001,W01,D0141,6,TEST_6,parametric,pass,157.4516062723265,130,170,mV,1,25.552649064771025
LOT001,W01,D0141,7,TEST_7,parametric,pass,161.39636441683993,140,180,mV,1,29.3244495373024
LOT001,W01,D0141,8,TEST_8,functional,pass,,,,,1,35.186909885265145
LOT001,W01,D0141,9,TEST_9,functional,pass,,,,,1,13.118449935835532
LOT001,W01,D0141,10,TEST_10,functional,pass,,,,,1,32.120630132072094
LOT001,W01,D0142,1,TEST_1,parametric,pass,98.55916149384146,80,120,mV,1,59.56197986835825
LOT001,W01,D0142,2,TEST_2,parametric,pass,114.9471949858299,90,130,mV,1,15.48811620395585
LOT001,W01,D0142,3,TEST_3,parametric,pass,119.49468930320796,100,140,mV,1,27.951202599992797
LOT001,W01,D0142,4,TEST_4,parametric,pass,132.66933823078392,110,150,mV,1,89.61872646024685
LOT001,W01,D0142,5,TEST_5,parametric,pass,133.034683334203,120,160,mV,1,82.19512744940147
LOT001,W01,D0142,6,TEST_6,parametric,pass,148.86025181890858,130,170,mV,1,81.53616198716833
LOT001,W01,D0142,7,TEST_7,parametric,pass,168.70670236119736,140,180,mV,1,42.32008988538085
LOT001,W01,D0142,8,TEST_8,functional,pass,,,,,1,53.62115368964575
LOT001,W01,D0142,9,TEST_9,functional,pass,,,,,1,55.21539299893675
LOT001,W01,D0142,10,TEST_10,functional,pass,,,,,1,26.18342863280823
LOT001,W01,D0143,1,TEST_1,parametric,pass,99.41945800859143,80,120,mV,1,38.69898105964416
LOT001,W01,D0143,2,TEST_2,parametric,pass,112.05663886244574,90,130,mV,1,80.0684453195627
LOT001,W01,D0143,3,TEST_3,parametric,pass,130.43194600784366,100,140,mV,1,15.273210725030667
LOT001,W01,D0143,4,TEST_4,parametric,pass,136.13059187765018,110,150,mV,1,79.01579516052456
LOT001,W01,D0143,5,TEST_5,parametric,pass,139.6734813674446,120,160,mV,1,99.96451721302114
LOT001,W01,D0143,6,TEST_6,parametric,pass,152.26621579691172,130,170,mV,1,69.11779792386108
LOT001,W01,D0143,7,TEST_7,parametric,pass,159.62616115052825,140,180,mV,1,33.98743009591148
LOT001,W01,D0143,8,TEST_8,functional,pass,,,,,1,92.55335343133964
LOT001,W01,D0143,9,TEST_9,functional,pass,,,,,1,99.67528436558113
LOT001,W01,D0143,10,TEST_10,functional,pass,,,,,1,86.18545814186199
LOT001,W01,D0144,1,TEST_1,parametric,pass,101.37327763666454,80,120,mV,1,85.53000270753184
LOT001,W01,D0144,2,TEST_2,parametric,pass,105.5251576197891,90,130,mV,1,86.06988121296527
LOT001,W01,D0144,3,TEST_3,parametric,pass,123.00032715922517,100,140,mV,1,82.55892028234496
LOT001,W01,D0144,4,TEST_4,parametric,pass,135.99050482635397,110,150,mV,1,72.7863907239622
LOT001,W01,D0144,5,TEST_5,parametric,pass,141.02559083999975,120,160,mV,1,73.05047230162765
LOT001,W01,D0144,6,TEST_6,parametric,pass,149.38456170167356,130,170,mV,1,95.28028615630137
LOT001,W01,D0144,7,TEST_7,parametric,pass,154.07250432694852,140,180,mV,1,26.941029841473064
LOT001,W01,D0144,8,TEST_8,functional,pass,,,,,1,89.34637239079842
LOT001,W01,D0144,9,TEST_9,functional,pass,,,,,1,37.81477649360976
LOT001,W01,D0144,10,TEST_10,functional,pass,,,,,1,18.123163916581255
LOT001,W01,D0145,1,TEST_1,parametric,pass,97.49633075233332,80,120,mV,1,30.936102227491517
LOT001,W01,D0145,2,TEST_2,parametric,pass,111.19046162766772,90,130,mV,1,10.061514674544773
LOT001,W01,D0145,3,TEST_3,parametric,pass,125.99646003859512,100,140,mV,1,92.61065673285819
LOT001,W01,D0145,4,TEST_4,parametric,pass,130.793898883775,110,150,mV,1,74.52438694217345
LOT001,W01,D0145,5,TEST_5,parametric,pass,142.52209647978816,120,160,mV,1,92.69027085764854
LOT001,W01,D0145,6,TEST_6,parametric,pass,152.468653349011,130,170,mV,1,11.972160661921507
LOT001,W01,D0145,7,TEST_7,parametric,pass,156.33210459932033,140,180,mV,1,62.79482575820885
LOT001,W01,D0145,8,TEST_8,functional,pass,,,,,1,79.69298489379028
LOT001,W01,D0145,9,TEST_9,functional,pass,,,,,1,87.46025199323957
LOT001,W01,D0145,10,TEST_10,functional,pass,,,,,1,43.62317020750359
LOT001,W01,D0146,1,TEST_1,parametric,pass,104.68715811285553,80,120,mV,1,19.092895316261767
LOT001,W01,D0146,2,TEST_2,parametric,pass,108.20943189352516,90,130,mV,1,37.158863835292216
LOT001,W01,D0146,3,TEST_3,parametric,pass,121.91577513484275,100,140,mV,1,95.38241788236911
LOT001,W01,D0146,4,TEST_4,parametric,pass,132.21339492526215,110,150,mV,1,81.26582724998846
LOT001,W01,D0146,5,TEST_5,parametric,pass,147.0170608156043,120,160,mV,1,25.67824038599776
LOT001,W01,D0146,6,TEST_6,parametric,pass,148.22940807948092,130,170,mV,1,97.1868606699851
LOT001,W01,D0146,7,TEST_7,parametric,pass,156.00839078100088,140,180,mV,1,80.82926133360192
LOT001,W01,D0146,8,TEST_8,functional,pass,,,,,1,63.005514020479325
LOT001,W01,D0146,9,TEST_9,functional,pass,,,,,1,37.61409063681622
LOT001,W01,D0146,10,TEST_10,functional,pass,,,,,1,21.461352825118198
LOT001,W01,D0147,1,TEST_1,parametric,pass,89.21983595497804,80,120,mV,1,75.59478603423992
LOT001,W01,D0147,2,TEST_2,parametric,pass,121.5606753924214,90,130,mV,1,45.24412845498418
LOT001,W01,D0147,3,TEST_3,parametric,pass,116.14614253962525,100,140,mV,1,99.48548174928676
LOT001,W01,D0147,4,TEST_4,parametric,pass,131.2523645893638,110,150,mV,1,64.21498007058742
LOT001,W01,D0147,5,TEST_5,parametric,pass,139.7215826705292,120,160,mV,1,92.89343947762714
LOT001,W01,D0147,6,TEST_6,parametric,pass,153.4595149769197,130,170,mV,1,60.899522150828844
LOT001,W01,D0147,7,TEST_7,parametric,pass,159.28428714082196,140,180,mV,1,94.30190141988288
LOT001,W01,D0147,8,TEST_8,functional,pass,,,,,1,77.08089952917842
LOT001,W01,D0147,9,TEST_9,functional,pass,,,,,1,98.41416894463211
LOT001,W01,D0147,10,TEST_10,functional,pass,,,,,1,89.67882280556236
LOT001,W01,D0148,1,TEST_1,parametric,pass,106.66646823994962,80,120,mV,1,67.51924191143911
LOT001,W01,D0148,2,TEST_2,parametric,pass,114.15619153928934,90,130,mV,1,89.79881636960395
LOT001,W01,D0148,3,TEST_3,parametric,pass,116.29325174074778,100,140,mV,1,32.45867768217509
LOT001,W01,D0148,4,TEST_4,parametric,pass,131.29178564742642,110,150,mV,1,16.10153020578104
LOT001,W01,D0148,5,TEST_5,parametric,pass,139.90001050936482,120,160,mV,1,10.115304174522095
LOT001,W01,D0148,6,TEST_6,parametric,pass,152.38880702223005,130,170,mV,1,44.73433881580689
LOT001,W01,D0148,7,TEST_7,parametric,pass,158.56007492567755,140,180,mV,1,89.60967978285048
LOT001,W01,D0148,8,TEST_8,functional,pass,,,,,1,44.084131729683314
LOT001,W01,D0148,9,TEST_9,functional,pass,,,,,1,19.128570367340945
LOT001,W01,D0148,10,TEST_10,functional,pass,,,,,1,87.76456484217192
LOT001,W01,D0149,1,TEST_1,parametric,pass,86.89353122054133,80,120,mV,1,68.58726068021295
LOT001,W01,D0149,2,TEST_2,parametric,pass,108.85401249606392,90,130,mV,1,16.633845060523676
LOT001,W01,D0149,3,TEST_3,parametric,pass,117.24995304346237,100,140,mV,1,86.11862356221043
LOT001,W01,D0149,4,TEST_4,parametric,pass,128.78029228807583,110,150,mV,1,95.64959182907086
LOT001,W01,D0149,5,TEST_5,parametric,pass,144.2072771518966,120,160,mV,1,16.67803615899934
LOT001,W01,D0149,6,TEST_6,parametric,pass,152.3344059775596,130,170,mV,1,75.87865767441852
LOT001,W01,D0149,7,TEST_7,parametric,pass,164.25292538675188,140,180,mV,1,59.234163275100826
LOT001,W01,D0149,8,TEST_8,functional,pass,,,,,1,18.379421684261793
LOT001,W01,D0149,9,TEST_9,functional,pass,,,,,1,65.22802532010044
LOT001,W01,D0149,10,TEST_10,functional,pass,,,,,1,12.789388364695748
LOT001,W01,D0150,1,TEST_1,parametric,pass,102.80844176548344,80,120,mV,1,90.07779433636392
LOT001,W01,D0150,2,TEST_2,parametric,pass,108.93761373389617,90,130,mV,1,24.139339959770567
LOT001,W01,D0150,3,TEST_3,parametric,pass,122.72829906761447,100,140,mV,1,27.09858318295469
LOT001,W01,D0150,4,TEST_4,parametric,pass,132.01535991402727,110,150,mV,1,72.74770334266213
LOT001,W01,D0150,5,TEST_5,parametric,pass,138.58582193307745,120,160,mV,1,33.87382924149789
LOT001,W01,D0150,6,TEST_6,parametric,pass,142.03369892226192,130,170,mV,1,35.33707661007388
LOT001,W01,D0150,7,TEST_7,parametric,pass,160.12469551964412,140,180,mV,1,61.45928270719674
LOT001,W01,D0150,8,TEST_8,functional,pass,,,,,1,23.823094106506076
LOT001,W01,D0150,9,TEST_9,functional,pass,,,,,1,48.48453617011422
LOT001,W01,D0150,10,TEST_10,functional,pass,,,,,1,69.58182034088809
LOT001,W01,D0151,1,TEST_1,parametric,pass,101.59057606508047,80,120,mV,1,64.0193975212392
LOT001,W01,D0151,2,TEST_2,parametric,pass,110.35504352362055,90,130,mV,1,25.374897252300077
LOT001,W01,D0151,3,TEST_3,parametric,pass,121.08516200127048,100,140,mV,1,36.263031944149674
LOT001,W01,D0151,4,TEST_4,parametric,pass,138.38557400220245,110,150,mV,1,37.751806010595644
LOT001,W01,D0151,5,TEST_5,parametric,pass,144.74374876395035,120,160,mV,1,45.77206136573106
LOT001,W01,D0151,6,TEST_6,parametric,pass,142.662412345893,130,170,mV,1,18.20231897956113
LOT001,W01,D0151,7,TEST_7,parametric,pass,160.50346214065573,140,180,mV,1,58.97134262977123
LOT001,W01,D0151,8,TEST_8,functional,pass,,,,,1,89.6943423474585
LOT001,W01,D0151,9,TEST_9,functional,pass,,,,,1,50.11977437150123
LOT001,W01,D0151,10,TEST_10,functional,pass,,,,,1,51.85521605391855
LOT001,W01,D0152,1,TEST_1,parametric,pass,100.58809733519402,80,120,mV,1,15.547543269408937
LOT001,W01,D0152,2,TEST_2,parametric,pass,113.91040688900601,90,130,mV,1,77.70116279037583
LOT001,W01,D0152,3,TEST_3,parametric,pass,118.95092080074022,100,140,mV,1,40.9412247891442
LOT001,W01,D0152,4,TEST_4,parametric,pass,128.1616150060815,110,150,mV,1,58.73041054054199
LOT001,W01,D0152,5,TEST_5,parametric,pass,146.56157978965678,120,160,mV,1,59.824171554211794
LOT001,W01,D0152,6,TEST_6,parametric,pass,148.77843254059144,130,170,mV,1,85.67174497872254
LOT001,W01,D0152,7,TEST_7,parametric,pass,162.16994115053882,140,180,mV,1,58.19629707810367
LOT001,W01,D0152,8,TEST_8,functional,pass,,,,,1,52.7341949309728
LOT001,W01,D0152,9,TEST_9,functional,pass,,,,,1,52.86360529733218
LOT001,W01,D0152,10,TEST_10,functional,pass,,,,,1,91.24994812052387
LOT001,W01,D0153,1,TEST_1,parametric,pass,95.2660874063357,80,120,mV,1,74.28751292173239
LOT001,W01,D0153,2,TEST_2,parametric,pass,99.26048446095612,90,130,mV,1,82.0405303048617
LOT001,W01,D0153,3,TEST_3,parametric,pass,119.8581879749586,100,140,mV,1,70.97813970184272
LOT001,W01,D0153,4,TEST_4,parametric,pass,128.1577081853774,110,150,mV,1,78.14698800752741
LOT001,W01,D0153,5,TEST_5,parametric,pass,138.26401393383506,120,160,mV,1,25.5591075525845
LOT001,W01,D0153,6,TEST_6,parametric,pass,163.3173149755231,130,170,mV,1,82.76146491874267
LOT001,W01,D0153,7,TEST_7,parametric,pass,158.68776672474814,140,180,mV,1,21.356739877468577
LOT001,W01,D0153,8,TEST_8,functional,pass,,,,,1,98.94519427032242
LOT001,W01,D0153,9,TEST_9,functional,pass,,,,,1,99.7542304100898
LOT001,W01,D0153,10,TEST_10,functional,pass,,,,,1,85.06973068084038
LOT001,W01,D0154,1,TEST_1,parametric,pass,99.45550327233042,80,120,mV,1,92.27565432087279
LOT001,W01,D0154,2,TEST_2,parametric,pass,120.97951500614352,90,130,mV,1,16.031075774375118
LOT001,W01,D0154,3,TEST_3,parametric,pass,116.1613369665529,100,140,mV,1,39.35141248327624
LOT001,W01,D0154,4,TEST_4,parametric,pass,133.25361561667245,110,150,mV,1,34.85807379165244
LOT001,W01,D0154,5,TEST_5,parametric,pass,130.18261544060806,120,160,mV,1,80.78955749449946
LOT001,W01,D0154,6,TEST_6,parametric,pass,152.64220970870227,130,170,mV,1,66.07521357299274
LOT001,W01,D0154,7,TEST_7,parametric,pass,154.83682625367612,140,180,mV,1,47.299815889208084
LOT001,W01,D0154,8,TEST_8,functional,pass,,,,,1,62.91407199532492
LOT001,W01,D0154,9,TEST_9,functional,pass,,,,,1,94.56849864883989
LOT001,W01,D0154,10,TEST_10,functional,pass,,,,,1,60.641538352959024
LOT001,W01,D0155,1,TEST_1,parametric,pass,99.26311900505446,80,120,mV,1,19.08913985429038
LOT001,W01,D0155,2,TEST_2,parametric,pass,108.60755568055251,90,130,mV,1,40.9482260719718
LOT001,W01,D0155,3,TEST_3,parametric,pass,126.03449709417839,100,140,mV,1,46.980103356929845
LOT001,W01,D0155,4,TEST_4,parametric,pass,125.722738228124,110,150,mV,1,64.80659367571917
LOT001,W01,D0155,5,TEST_5,parametric,pass,143.8653924587816,120,160,mV,1,13.371910344794209
LOT001,W01,D0155,6,TEST_6,parametric,pass,149.55690509508975,130,170,mV,1,64.77897376770642
LOT001,W01,D0155,7,TEST_7,parametric,pass,162.75123737617488,140,180,mV,1,72.42951278503828
LOT001,W01,D0155,8,TEST_8,functional,fail,,,,,7,72.14623787538808
LOT001,W01,D0155,9,TEST_9,functional,fail,,,,,9,92.87514846155487
LOT001,W01,D0155,10,TEST_10,functional,pass,,,,,1,11.82095997339447
LOT001,W01,D0156,1,TEST_1,parametric,pass,101.74567271898243,80,120,mV,1,35.23119878661774
LOT001,W01,D0156,2,TEST_2,parametric,pass,106.1263631473927,90,130,mV,1,54.24572920233853
LOT001,W01,D0156,3,TEST_3,parametric,pass,119.2457772820235,100,140,mV,1,88.20100225892787
LOT001,W01,D0156,4,TEST_4,parametric,pass,127.8551834697088,110,150,mV,1,22.094696887159643
LOT001,W01,D0156,5,TEST_5,parametric,pass,145.33930046638207,120,160,mV,1,84.32409986017755
LOT001,W01,D0156,6,TEST_6,parametric,pass,149.12747329443528,130,170,mV,1,34.24779829078872
LOT001,W01,D0156,7,TEST_7,parametric,pass,153.76101157851207,140,180,mV,1,26.914212180335028
LOT001,W01,D0156,8,TEST_8,functional,pass,,,,,1,84.15724908296266
LOT001,W01,D0156,9,TEST_9,functional,pass,,,,,1,78.3543965703631
LOT001,W01,D0156,10,TEST_10,functional,pass,,,,,1,83.89156531586143
LOT001,W01,D0157,1,TEST_1,parametric,pass,103.5965402170143,80,120,mV,1,56.37427323486012
LOT001,W01,D0157,2,TEST_2,parametric,pass,112.33653270309061,90,130,mV,1,55.61157477128999
LOT001,W01,D0157,3,TEST_3,parametric,pass,123.62977256496949,100,140,mV,1,22.20848389153538
LOT001,W01,D0157,4,TEST_4,parametric,pass,136.11158083707844,110,150,mV,1,12.60533433881671
LOT001,W01,D0157,5,TEST_5,parametric,pass,131.73051150212717,120,160,mV,1,27.34871021484024
LOT001,W01,D0157,6,TEST_6,parametric,pass,154.74072677251104,130,170,mV,1,32.45412351918514
LOT001,W01,D0157,7,TEST_7,parametric,pass,151.74054420792947,140,180,mV,1,51.080380041527256
LOT001,W01,D0157,8,TEST_8,functional,pass,,,,,1,73.4170550698033
LOT001,W01,D0157,9,TEST_9,functional,pass,,,,,1,84.11556625202046
LOT001,W01,D0157,10,TEST_10,functional,pass,,,,,1,67.18688281682596
LOT001,W01,D0158,1,TEST_1,parametric,pass,100.88712491712573,80,120,mV,1,43.52200853817765
LOT001,W01,D0158,2,TEST_2,parametric,pass,110.87464777012674,90,130,mV,1,63.46392341069362
LOT001,W01,D0158,3,TEST_3,parametric,pass,124.4426665333552,100,140,mV,1,62.819222358018415
LOT001,W01,D0158,4,TEST_4,parametric,pass,139.0806943868256,110,150,mV,1,41.47839114801891
LOT001,W01,D0158,5,TEST_5,parametric,pass,145.48296767935085,120,160,mV,1,77.406502103644
LOT001,W01,D0158,6,TEST_6,parametric,pass,159.07664324743413,130,170,mV,1,71.99654838543589
LOT001,W01,D0158,7,TEST_7,parametric,pass,158.91959638900306,140,180,mV,1,24.661666503875843
LOT001,W01,D0158,8,TEST_8,functional,pass,,,,,1,96.84258482820296
LOT001,W01,D0158,9,TEST_9,functional,pass,,,,,1,68.26419025853338
LOT001,W01,D0158,10,TEST_10,functional,pass,,,,,1,34.217522134206135
LOT001,W01,D0159,1,TEST_1,parametric,pass,104.8235703792945,80,120,mV,1,46.85564768459879
LOT001,W01,D0159,2,TEST_2,parametric,pass,118.63590928009008,90,130,mV,1,79.08154555706662
LOT001,W01,D0159,3,TEST_3,parametric,pass,121.0938554823493,100,140,mV,1,10.80081874630412
LOT001,W01,D0159,4,TEST_4,parametric,pass,136.13193771750986,110,150,mV,1,64.10277554450803
LOT001,W01,D0159,5,TEST_5,parametric,pass,136.18996631015855,120,160,mV,1,10.761735440338418
LOT001,W01,D0159,6,TEST_6,parametric,pass,149.86419637493267,130,170,mV,1,37.491372854610105
LOT001,W01,D0159,7,TEST_7,parametric,pass,169.04108892949836,140,180,mV,1,97.0321999031539
LOT001,W01,D0159,8,TEST_8,functional,pass,,,,,1,48.14261205936572
LOT001,W01,D0159,9,TEST_9,functional,pass,,,,,1,41.383827934487314
LOT001,W01,D0159,10,TEST_10,functional,pass,,,,,1,52.00282139474941
LOT001,W01,D0160,1,TEST_1,parametric,pass,95.8816748464566,80,120,mV,1,45.743728597490815
LOT001,W01,D0160,2,TEST_2,parametric,pass,101.63391718038702,90,130,mV,1,19.208089267174014
LOT001,W01,D0160,3,TEST_3,parametric,pass,112.6512274427959,100,140,mV,1,85.89555550771995
LOT001,W01,D0160,4,TEST_4,parametric,pass,129.46743969366835,110,150,mV,1,43.680678684496435
LOT001,W01,D0160,5,TEST_5,parametric,pass,135.88009711770184,120,160,mV,1,36.86283336279677
LOT001,W01,D0160,6,TEST_6,parametric,pass,144.52412620273753,130,170,mV,1,19.729407752725912
LOT001,W01,D0160,7,TEST_7,parametric,pass,173.73777825342881,140,180,mV,1,67.65352710531903
LOT001,W01,D0160,8,TEST_8,functional,pass,,,,,1,33.50322171338472
LOT001,W01,D0160,9,TEST_9,functional,pass,,,,,1,90.31364179128394
LOT001,W01,D0160,10,TEST_10,functional,pass,,,,,1,23.493636671874086
LOT001,W01,D0161,1,TEST_1,parametric,pass,105.82606122389906,80,120,mV,1,78.89269494732608
LOT001,W01,D0161,2,TEST_2,parametric,pass,117.30870209136911,90,130,mV,1,82.21273700075304
LOT001,W01,D0161,3,TEST_3,parametric,pass,114.6679279510222,100,140,mV,1,64.00299710310145
LOT001,W01,D0161,4,TEST_4,parametric,pass,125.972685985014,110,150,mV,1,74.91548778333495
LOT001,W01,D0161,5,TEST_5,parametric,pass,133.6069818047253,120,160,mV,1,68.98605134161974
LOT001,W01,D0161,6,TEST_6,parametric,pass,153.87462350282112,130,170,mV,1,47.670911747320744
LOT001,W01,D0161,7,TEST_7,parametric,pass,159.9383800920909,140,180,mV,1,44.94474289049125
LOT001,W01,D0161,8,TEST_8,functional,fail,,,,,5,40.88503446720159
LOT001,W01,D0161,9,TEST_9,functional,pass,,,,,1,71.76862998394041
LOT001,W01,D0161,10,TEST_10,functional,pass,,,,,1,52.81616815617222
LOT001,W01,D0162,1,TEST_1,parametric,pass,104.38776869821967,80,120,mV,1,37.01753456955949
LOT001,W01,D0162,2,TEST_2,parametric,pass,108.2840259228436,90,130,mV,1,25.298799765538284
LOT001,W01,D0162,3,TEST_3,parametric,pass,116.49481110284104,100,140,mV,1,36.440564757468366
LOT001,W01,D0162,4,TEST_4,parametric,pass,124.65547122385505,110,150,mV,1,52.370278548560826
LOT001,W01,D0162,5,TEST_5,parametric,pass,139.5417075742001,120,160,mV,1,60.31284904973685
LOT001,W01,D0162,6,TEST_6,parametric,pass,141.97671372454425,130,170,mV,1,92.13622865435595
LOT001,W01,D0162,7,TEST_7,parametric,pass,170.12968989679484,140,180,mV,1,68.89911799160379
LOT001,W01,D0162,8,TEST_8,functional,pass,,,,,1,30.099513284704777
LOT001,W01,D0162,9,TEST_9,functional,pass,,,,,1,47.84253113663299
LOT001,W01,D0162,10,TEST_10,functional,pass,,,,,1,43.4514186788375
LOT001,W01,D0163,1,TEST_1,parametric,pass,96.49077887357232,80,120,mV,1,62.701362568621335
LOT001,W01,D0163,2,TEST_2,parametric,pass,107.56145732410194,90,130,mV,1,14.830925896580533
LOT001,W01,D0163,3,TEST_3,parametric,pass,120.5650522537005,100,140,mV,1,67.09570692868319
LOT001,W01,D0163,4,TEST_4,parametric,pass,123.90601601929997,110,150,mV,1,52.49977141654748
LOT001,W01,D0163,5,TEST_5,parametric,pass,136.63417484656262,120,160,mV,1,27.508942447922852
LOT001,W01,D0163,6,TEST_6,parametric,pass,155.51347229693607,130,170,mV,1,57.68546541669977
LOT001,W01,D0163,7,TEST_7,parametric,pass,165.16550889113,140,180,mV,1,47.179652861249274
LOT001,W01,D0163,8,TEST_8,functional,pass,,,,,1,23.57006059857363
LOT001,W01,D0163,9,TEST_9,functional,pass,,,,,1,40.84028964361001
LOT001,W01,D0163,10,TEST_10,functional,pass,,,,,1,90.35606109794887
LOT001,W01,D0164,1,TEST_1,parametric,pass,102.77032280025115,80,120,mV,1,87.61545490034044
LOT001,W01,D0164,2,TEST_2,parametric,pass,109.76706429507462,90,130,mV,1,26.232109219615946
LOT001,W01,D0164,3,TEST_3,parametric,pass,123.92940955394147,100,140,mV,1,98.79763354297118
LOT001,W01,D0164,4,TEST_4,parametric,pass,132.18637424320374,110,150,mV,1,38.20726645816048
LOT001,W01,D0164,5,TEST_5,parametric,pass,145.12408489705962,120,160,mV,1,28.844413150156996
LOT001,W01,D0164,6,TEST_6,parametric,pass,151.95514971972165,130,170,mV,1,79.61880441885081
LOT001,W01,D0164,7,TEST_7,parametric,pass,157.3941182915516,140,180,mV,1,80.66898151279408
LOT001,W01,D0164,8,TEST_8,functional,pass,,,,,1,21.646536181145727
LOT001,W01,D0164,9,TEST_9,functional,pass,,,,,1,48.64687507082085
LOT001,W01,D0164,10,TEST_10,functional,pass,,,,,1,52.96602483465133
LOT001,W01,D0165,1,TEST_1,parametric,pass,98.64575158813945,80,120,mV,1,10.420222382212268
LOT001,W01,D0165,2,TEST_2,parametric,pass,102.08306533774558,90,130,mV,1,95.50617539336487
LOT001,W01,D0165,3,TEST_3,parametric,pass,118.29383153414311,100,140,mV,1,90.28057529776679
LOT001,W01,D0165,4,TEST_4,parametric,pass,130.2646612411793,110,150,mV,1,11.612451306785141
LOT001,W01,D0165,5,TEST_5,parametric,pass,133.85254670963735,120,160,mV,1,10.3711450576918
LOT001,W01,D0165,6,TEST_6,parametric,pass,149.6316839099196,130,170,mV,1,88.92866217338651
LOT001,W01,D0165,7,TEST_7,parametric,pass,156.43760175073774,140,180,mV,1,38.08830344381758
LOT001,W01,D0165,8,TEST_8,functional,pass,,,,,1,55.30028308168323
LOT001,W01,D0165,9,TEST_9,functional,pass,,,,,1,15.875832022323788
LOT001,W01,D0165,10,TEST_10,functional,fail,,,,,6,51.03336807716542
LOT001,W01,D0166,1,TEST_1,parametric,pass,93.95606602057713,80,120,mV,1,49.02987070320296
LOT001,W01,D0166,2,TEST_2,parametric,pass,109.22534372435031,90,130,mV,1,71.81021392041829
LOT001,W01,D0166,3,TEST_3,parametric,pass,131.11788864978206,100,140,mV,1,54.1160816127999
LOT001,W01,D0166,4,TEST_4,parametric,pass,142.4190539187051,110,150,mV,1,77.51040240346151
LOT001,W01,D0166,5,TEST_5,parametric,pass,145.5528671332689,120,160,mV,1,83.08074851561523
LOT001,W01,D0166,6,TEST_6,parametric,pass,159.373719962688,130,170,mV,1,11.721225981098748
LOT001,W01,D0166,7,TEST_7,parametric,pass,162.32566058378265,140,180,mV,1,29.00712062468302
LOT001,W01,D0166,8,TEST_8,functional,fail,,,,,10,25.20862677011324
LOT001,W01,D0166,9,TEST_9,functional,pass,,,,,1,68.54863421091022
LOT001,W01,D0166,10,TEST_10,functional,fail,,,,,6,79.41246970091767
LOT001,W01,D0167,1,TEST_1,parametric,pass,114.28903691094612,80,120,mV,1,66.08212995806952
LOT001,W01,D0167,2,TEST_2,parametric,pass,108.69752526444465,90,130,mV,1,19.73021051899407
LOT001,W01,D0167,3,TEST_3,parametric,pass,119.12765218606505,100,140,mV,1,85.25080086124508
LOT001,W01,D0167,4,TEST_4,parametric,pass,132.36747848763602,110,150,mV,1,49.988286005130696
LOT001,W01,D0167,5,TEST_5,parametric,pass,140.7403176279488,120,160,mV,1,21.12355566960137
LOT001,W01,D0167,6,TEST_6,parametric,pass,149.866169385356,130,170,mV,1,28.49454240923585
LOT001,W01,D0167,7,TEST_7,parametric,pass,167.77772924937224,140,180,mV,1,71.7166025692822
LOT001,W01,D0167,8,TEST_8,functional,fail,,,,,8,69.54981184816498
LOT001,W01,D0167,9,TEST_9,functional,pass,,,,,1,34.29794345834702
LOT001,W01,D0167,10,TEST_10,functional,pass,,,,,1,22.344717068182803
LOT001,W01,D0168,1,TEST_1,parametric,pass,101.14254713184877,80,120,mV,1,74.6889602064551
LOT001,W01,D0168,2,TEST_2,parametric,pass,107.9417548538181,90,130,mV,1,20.596111159351537
LOT001,W01,D0168,3,TEST_3,parametric,pass,121.7875049298952,100,140,mV,1,27.8781995535654
LOT001,W01,D0168,4,TEST_4,parametric,pass,131.5562944060934,110,150,mV,1,27.977444753172264
LOT001,W01,D0168,5,TEST_5,parametric,pass,139.50375276431566,120,160,mV,1,28.150587098397047
LOT001,W01,D0168,6,TEST_6,parametric,pass,156.06473376934994,130,170,mV,1,73.30930752216324
LOT001,W01,D0168,7,TEST_7,parametric,pass,159.60144302301362,140,180,mV,1,54.67192420312834
LOT001,W01,D0168,8,TEST_8,functional,pass,,,,,1,93.98119101866897
LOT001,W01,D0168,9,TEST_9,functional,pass,,,,,1,10.246419915165342
LOT001,W01,D0168,10,TEST_10,functional,pass,,,,,1,91.61920398428128
LOT001,W01,D0169,1,TEST_1,parametric,pass,101.36062813111845,80,120,mV,1,85.17089487369171
LOT001,W01,D0169,2,TEST_2,parametric,pass,108.61568993673062,90,130,mV,1,18.107440621833202
LOT001,W01,D0169,3,TEST_3,parametric,pass,117.51819955055372,100,140,mV,1,56.0534812268193
LOT001,W01,D0169,4,TEST_4,parametric,pass,129.6179288249324,110,150,mV,1,33.030289247559836
LOT001,W01,D0169,5,TEST_5,parametric,pass,137.7210107276136,120,160,mV,1,30.804425784257134
LOT001,W01,D0169,6,TEST_6,parametric,pass,154.17870383926785,130,170,mV,1,51.78496215125335
LOT001,W01,D0169,7,TEST_7,parametric,pass,159.70191346523455,140,180,mV,1,18.98280235518557
LOT001,W01,D0169,8,TEST_8,functional,pass,,,,,1,13.550006797182423
LOT001,W01,D0169,9,TEST_9,functional,pass,,,,,1,82.14364924214026
LOT001,W01,D0169,10,TEST_10,functional,pass,,,,,1,76.46861762129586
LOT001,W01,D0170,1,TEST_1,parametric,pass,106.96831814621973,80,120,mV,1,14.130017838407369
LOT001,W01,D0170,2,TEST_2,parametric,pass,114.73556621650863,90,130,mV,1,86.67988525670394
LOT001,W01,D0170,3,TEST_3,parametric,pass,118.41657004001912,100,140,mV,1,42.17746638139699
LOT001,W01,D0170,4,TEST_4,parametric,pass,127.38464189446117,110,150,mV,1,49.39430651037413
LOT001,W01,D0170,5,TEST_5,parametric,pass,132.59698718543345,120,160,mV,1,18.36561838936801
LOT001,W01,D0170,6,TEST_6,parametric,pass,142.88822201020645,130,170,mV,1,83.34678605828468
LOT001,W01,D0170,7,TEST_7,parametric,pass,162.07165445271727,140,180,mV,1,96.60789371347786
LOT001,W01,D0170,8,TEST_8,functional,pass,,,,,1,44.71439407833828
LOT001,W01,D0170,9,TEST_9,functional,pass,,,,,1,81.9909187254055
LOT001,W01,D0170,10,TEST_10,functional,pass,,,,,1,81.72186013318662
LOT001,W01,D0171,1,TEST_1,parametric,pass,104.61674819445587,80,120,mV,1,20.17509007398815
LOT001,W01,D0171,2,TEST_2,parametric,pass,109.42319683962222,90,130,mV,1,94.822028919991
LOT001,W01,D0171,3,TEST_3,parametric,pass,118.3601463906416,100,140,mV,1,24.34558577339484
LOT001,W01,D0171,4,TEST_4,parametric,pass,124.2252319282296,110,150,mV,1,82.20383056405863
LOT001,W01,D0171,5,TEST_5,parametric,pass,143.36504738028697,120,160,mV,1,71.0553822624285
LOT001,W01,D0171,6,TEST_6,parametric,pass,152.0456496774951,130,170,mV,1,42.273902334438695
LOT001,W01,D0171,7,TEST_7,parametric,pass,164.43813170423277,140,180,mV,1,12.593460661409939
LOT001,W01,D0171,8,TEST_8,functional,pass,,,,,1,85.46828288924006
LOT001,W01,D0171,9,TEST_9,functional,pass,,,,,1,21.75897965935743
LOT001,W01,D0171,10,TEST_10,functional,pass,,,,,1,20.164373143639068
LOT001,W01,D0172,1,TEST_1,parametric,pass,98.69821780688807,80,120,mV,1,33.54515805056408
LOT001,W01,D0172,2,TEST_2,parametric,pass,110.81147585769858,90,130,mV,1,38.28141503864838
LOT001,W01,D0172,3,TEST_3,parametric,pass,117.88055319178271,100,140,mV,1,79.07758464609194
LOT001,W01,D0172,4,TEST_4,parametric,pass,122.77801301521858,110,150,mV,1,61.89841073110416
LOT001,W01,D0172,5,TEST_5,parametric,pass,127.33012694527767,120,160,mV,1,70.28599223928839
LOT001,W01,D0172,6,TEST_6,parametric,pass,144.51610079230642,130,170,mV,1,40.44705775915809
LOT001,W01,D0172,7,TEST_7,parametric,pass,152.31665483704145,140,180,mV,1,18.571792460652524
LOT001,W01,D0172,8,TEST_8,functional,pass,,,,,1,32.371929536563684
LOT001,W01,D0172,9,TEST_9,functional,pass,,,,,1,70.86660115216971
LOT001,W01,D0172,10,TEST_10,functional,pass,,,,,1,85.51297191068086
LOT001,W01,D0173,1,TEST_1,parametric,pass,98.87677325057129,80,120,mV,1,60.25098130319691
LOT001,W01,D0173,2,TEST_2,parametric,pass,111.67005696677514,90,130,mV,1,67.90588449011315
LOT001,W01,D0173,3,TEST_3,parametric,pass,119.87164227935375,100,140,mV,1,24.12346359715671
LOT001,W01,D0173,4,TEST_4,parametric,pass,135.6860945878565,110,150,mV,1,88.24740711514912
LOT001,W01,D0173,5,TEST_5,parametric,pass,132.05317877264582,120,160,mV,1,16.737871822928632
LOT001,W01,D0173,6,TEST_6,parametric,pass,146.29289415363706,130,170,mV,1,97.31305439050601
LOT001,W01,D0173,7,TEST_7,parametric,pass,160.19471808146693,140,180,mV,1,14.531564307388955
LOT001,W01,D0173,8,TEST_8,functional,pass,,,,,1,67.89855833409266
LOT001,W01,D0173,9,TEST_9,functional,pass,,,,,1,31.149999999215847
LOT001,W01,D0173,10,TEST_10,functional,pass,,,,,1,82.11351589540499
LOT001,W01,D0174,1,TEST_1,parametric,pass,90.66529790583813,80,120,mV,1,50.23613079224182
LOT001,W01,D0174,2,TEST_2,parametric,pass,113.15680966089788,90,130,mV,1,20.68361668482696
LOT001,W01,D0174,3,TEST_3,parametric,pass,112.72257786344765,100,140,mV,1,19.23789893321372
LOT001,W01,D0174,4,TEST_4,parametric,pass,130.12011559452463,110,150,mV,1,47.11046929079945
LOT001,W01,D0174,5,TEST_5,parametric,pass,139.9137496037322,120,160,mV,1,18.180599222037902
LOT001,W01,D0174,6,TEST_6,parametric,pass,149.96763700839625,130,170,mV,1,64.37829484556177
LOT001,W01,D0174,7,TEST_7,parametric,pass,156.87618988202996,140,180,mV,1,55.75039662875184
LOT001,W01,D0174,8,TEST_8,functional,pass,,,,,1,70.43269337012404
LOT001,W01,D0174,9,TEST_9,functional,pass,,,,,1,42.70082298128299
LOT001,W01,D0174,10,TEST_10,functional,pass,,,,,1,30.062630295668313
LOT001,W01,D0175,1,TEST_1,parametric,pass,97.1008507277165,80,120,mV,1,50.90139843432259
LOT001,W01,D0175,2,TEST_2,parametric,pass,103.53748196998185,90,130,mV,1,52.582031298423
LOT001,W01,D0175,3,TEST_3,parametric,pass,117.4342201834357,100,140,mV,1,69.14504857880256
LOT001,W01,D0175,4,TEST_4,parametric,pass,129.47708537522038,110,150,mV,1,78.33879559712054
LOT001,W01,D0175,5,TEST_5,parametric,pass,137.59587959472617,120,160,mV,1,29.957239703817102
LOT001,W01,D0175,6,TEST_6,parametric,pass,144.8898557261036,130,170,mV,1,96.7990315108906
LOT001,W01,D0175,7,TEST_7,parametric,pass,167.90253933684306,140,180,mV,1,36.278520742745336
LOT001,W01,D0175,8,TEST_8,functional,pass,,,,,1,73.18864479339868
LOT001,W01,D0175,9,TEST_9,functional,fail,,,,,4,54.31799279630502
LOT001,W01,D0175,10,TEST_10,functional,pass,,,,,1,76.82598013386368
LOT001,W01,D0176,1,TEST_1,parametric,pass,96.77622323347941,80,120,mV,1,27.632932043663452
LOT001,W01,D0176,2,TEST_2,parametric,pass,112.0683669631195,90,130,mV,1,20.86712266295748
LOT001,W01,D0176,3,TEST_3,parametric,pass,122.08675788529031,100,140,mV,1,84.20987293368455
LOT001,W01,D0176,4,TEST_4,parametric,pass,127.20955527867605,110,150,mV,1,27.152088765136238
LOT001,W01,D0176,5,TEST_5,parametric,pass,135.58510530643326,120,160,mV,1,14.185032571825285
LOT001,W01,D0176,6,TEST_6,parametric,pass,157.1605959836304,130,170,mV,1,66.99164208301872
LOT001,W01,D0176,7,TEST_7,parametric,pass,158.79505590082266,140,180,mV,1,90.25789194215396
LOT001,W01,D0176,8,TEST_8,functional,pass,,,,,1,63.03845499498493
LOT001,W01,D0176,9,TEST_9,functional,pass,,,,,1,96.7469280577792
LOT001,W01,D0176,10,TEST_10,functional,fail,,,,,2,59.790369601381904
LOT001,W01,D0177,1,TEST_1,parametric,pass,97.73659057871772,80,120,mV,1,48.952934186856815
LOT001,W01,D0177,2,TEST_2,parametric,pass,100.2246141177554,90,130,mV,1,80.297334737365
LOT001,W01,D0177,3,TEST_3,parametric,pass,114.20884113662306,100,140,mV,1,91.91633377930685
LOT001,W01,D0177,4,TEST_4,parametric,pass,128.896031706155,110,150,mV,1,83.37197386886447
LOT001,W01,D0177,5,TEST_5,parametric,pass,137.11588598111925,120,160,mV,1,19.319856501121087
LOT001,W01,D0177,6,TEST_6,parametric,pass,146.2532989241235,130,170,mV,1,38.96593857832186
LOT001,W01,D0177,7,TEST_7,parametric,pass,154.29448893770052,140,180,mV,1,89.32515103086558
LOT001,W01,D0177,8,TEST_8,functional,pass,,,,,1,64.80943242037237
LOT001,W01,D0177,9,TEST_9,functional,pass,,,,,1,32.34149101841173
LOT001,W01,D0177,10,TEST_10,functional,pass,,,,,1,40.857292542936264
LOT001,W01,D0178,1,TEST_1,parametric,pass,97.52357692489358,80,120,mV,1,22.436200508081104
LOT001,W01,D0178,2,TEST_2,parametric,pass,118.69212558759173,90,130,mV,1,64.22720047087435
LOT001,W01,D0178,3,TEST_3,parametric,pass,124.53013790721374,100,140,mV,1,85.87669881533449
LOT001,W01,D0178,4,TEST_4,parametric,pass,126.07826058413454,110,150,mV,1,59.30253742235659
LOT001,W01,D0178,5,TEST_5,parametric,pass,136.80677059617966,120,160,mV,1,59.82234065929424
LOT001,W01,D0178,6,TEST_6,parametric,pass,157.51989911532914,130,170,mV,1,29.560830131769308
LOT001,W01,D0178,7,TEST_7,parametric,pass,161.98234642093092,140,180,mV,1,71.79501675871327
LOT001,W01,D0178,8,TEST_8,functional,pass,,,,,1,21.940455573202627
LOT001,W01,D0178,9,TEST_9,functional,pass,,,,,1,97.7661543805106
LOT001,W01,D0178,10,TEST_10,functional,pass,,,,,1,58.8242330587512
LOT001,W01,D0179,1,TEST_1,parametric,pass,107.66327265721668,80,120,mV,1,67.31896913807336
LOT001,W01,D0179,2,TEST_2,parametric,pass,107.91503695641308,90,130,mV,1,60.60521903062829
LOT001,W01,D0179,3,TEST_3,parametric,pass,111.80424062926238,100,140,mV,1,62.45256439862725
LOT001,W01,D0179,4,TEST_4,parametric,pass,137.36367543634128,110,150,mV,1,70.68191369852562
LOT001,W01,D0179,5,TEST_5,parametric,pass,137.226676689047,120,160,mV,1,90.4479401240128
LOT001,W01,D0179,6,TEST_6,parametric,pass,139.98594833033596,130,170,mV,1,48.014773225392624
LOT001,W01,D0179,7,TEST_7,parametric,pass,157.83396892563923,140,180,mV,1,11.149346359414592
LOT001,W01,D0179,8,TEST_8,functional,pass,,,,,1,44.27832821815761
LOT001,W01,D0179,9,TEST_9,functional,pass,,,,,1,15.0944296866001
LOT001,W01,D0179,10,TEST_10,functional,pass,,,,,1,80.69789733353394
LOT001,W01,D0180,1,TEST_1,parametric,pass,107.54260177327984,80,120,mV,1,23.178555112662636
LOT001,W01,D0180,2,TEST_2,parametric,pass,109.2167773526484,90,130,mV,1,15.582954154562469
LOT001,W01,D0180,3,TEST_3,parametric,pass,120.72347562157658,100,140,mV,1,58.7054878689913
LOT001,W01,D0180,4,TEST_4,parametric,pass,126.70084186145509,110,150,mV,1,42.28141936110227
LOT001,W01,D0180,5,TEST_5,parametric,pass,133.38585134422874,120,160,mV,1,70.7973412167603
LOT001,W01,D0180,6,TEST_6,parametric,pass,152.0304794877533,130,170,mV,1,60.569648503033314
LOT001,W01,D0180,7,TEST_7,parametric,pass,161.15995477645652,140,180,mV,1,44.99979958969051
LOT001,W01,D0180,8,TEST_8,functional,pass,,,,,1,81.7150283000913
LOT001,W01,D0180,9,TEST_9,functional,pass,,,,,1,72.36424676928237
LOT001,W01,D0180,10,TEST_10,functional,fail,,,,,8,44.87991837777913
LOT001,W01,D0181,1,TEST_1,parametric,pass,107.12290582142907,80,120,mV,1,96.1031773010644
LOT001,W01,D0181,2,TEST_2,parametric,pass,114.27978925011087,90,130,mV,1,59.69121377797572
LOT001,W01,D0181,3,TEST_3,parametric,pass,119.3448081872452,100,140,mV,1,11.166871390717448
LOT001,W01,D0181,4,TEST_4,parametric,pass,129.94134485039305,110,150,mV,1,80.28324035882969
LOT001,W01,D0181,5,TEST_5,parametric,pass,146.96058351581684,120,160,mV,1,88.31062830892016
LOT001,W01,D0181,6,TEST_6,parametric,pass,155.3033218251074,130,170,mV,1,73.4166162003509
LOT001,W01,D0181,7,TEST_7,parametric,pass,150.35092139157558,140,180,mV,1,68.28691469950004
LOT001,W01,D0181,8,TEST_8,functional,pass,,,,,1,59.195362303111715
LOT001,W01,D0181,9,TEST_9,functional,pass,,,,,1,79.8532070610099
LOT001,W01,D0181,10,TEST_10,functional,pass,,,,,1,36.475994962404236
LOT001,W01,D0182,1,TEST_1,parametric,pass,103.33594645787122,80,120,mV,1,26.82789233790913
LOT001,W01,D0182,2,TEST_2,parametric,pass,116.80149663962091,90,130,mV,1,25.64156186697746
LOT001,W01,D0182,3,TEST_3,parametric,pass,115.15256919530904,100,140,mV,1,48.56570329606608
LOT001,W01,D0182,4,TEST_4,parametric,pass,129.5771948341889,110,150,mV,1,60.093875853579966
LOT001,W01,D0182,5,TEST_5,parametric,pass,144.53110128209366,120,160,mV,1,32.95145333191798
LOT001,W01,D0182,6,TEST_6,parametric,pass,154.82917657332914,130,170,mV,1,39.75065098680422
LOT001,W01,D0182,7,TEST_7,parametric,pass,159.2733414984738,140,180,mV,1,23.833304521266676
LOT001,W01,D0182,8,TEST_8,functional,pass,,,,,1,14.57698970757041
LOT001,W01,D0182,9,TEST_9,functional,pass,,,,,1,65.40478084893971
LOT001,W01,D0182,10,TEST_10,functional,pass,,,,,1,54.1495847038309
LOT001,W01,D0183,1,TEST_1,parametric,pass,97.1926161371562,80,120,mV,1,61.54092914994371
LOT001,W01,D0183,2,TEST_2,parametric,pass,104.5015758682646,90,130,mV,1,38.60731048349705
LOT001,W01,D0183,3,TEST_3,parametric,pass,126.8116412063569,100,140,mV,1,29.79658138848017
LOT001,W01,D0183,4,TEST_4,parametric,pass,130.75847005997042,110,150,mV,1,55.46263154106843
LOT001,W01,D0183,5,TEST_5,parametric,pass,141.7191028200736,120,160,mV,1,47.43381193933795
LOT001,W01,D0183,6,TEST_6,parametric,pass,147.86316099545368,130,170,mV,1,29.90782729913075
LOT001,W01,D0183,7,TEST_7,parametric,pass,159.49357523118695,140,180,mV,1,29.201842916757634
LOT001,W01,D0183,8,TEST_8,functional,pass,,,,,1,42.47180421964594
LOT001,W01,D0183,9,TEST_9,functional,pass,,,,,1,77.73901205990651
LOT001,W01,D0183,10,TEST_10,functional,pass,,,,,1,99.69679743439049
LOT001,W01,D0184,1,TEST_1,parametric,pass,106.29288310602466,80,120,mV,1,10.792332666553367
LOT001,W01,D0184,2,TEST_2,parametric,pass,97.39376377896707,90,130,mV,1,70.20446211949479
LOT001,W01,D0184,3,TEST_3,parametric,pass,109.78885175751438,100,140,mV,1,65.23309873547149
LOT001,W01,D0184,4,TEST_4,parametric,pass,133.627953828842,110,150,mV,1,65.90185278612705
LOT001,W01,D0184,5,TEST_5,parametric,pass,147.32323066546024,120,160,mV,1,38.88433094563733
LOT001,W01,D0184,6,TEST_6,parametric,pass,148.06550920983972,130,170,mV,1,92.43391872688079
LOT001,W01,D0184,7,TEST_7,parametric,pass,164.64537482146298,140,180,mV,1,58.62135816483053
LOT001,W01,D0184,8,TEST_8,functional,pass,,,,,1,92.02023339657562
LOT001,W01,D0184,9,TEST_9,functional,pass,,,,,1,43.74622379457812
LOT001,W01,D0184,10,TEST_10,functional,pass,,,,,1,50.10012078145462
LOT001,W01,D0185,1,TEST_1,parametric,pass,98.32715562593916,80,120,mV,1,13.946649481945157
LOT001,W01,D0185,2,TEST_2,parametric,pass,112.62439261532197,90,130,mV,1,56.25052301146902
LOT001,W01,D0185,3,TEST_3,parametric,pass,118.04963037977146,100,140,mV,1,95.33906376835762
LOT001,W01,D0185,4,TEST_4,parametric,pass,136.20523073515898,110,150,mV,1,58.417734786782596
LOT001,W01,D0185,5,TEST_5,parametric,pass,150.86223982710007,120,160,mV,1,10.659752759516062
LOT001,W01,D0185,6,TEST_6,parametric,pass,156.82732837427628,130,170,mV,1,79.6224039732349
LOT001,W01,D0185,7,TEST_7,parametric,pass,162.97850985971414,140,180,mV,1,87.84557701413681
LOT001,W01,D0185,8,TEST_8,functional,pass,,,,,1,19.353412825630315
LOT001,W01,D0185,9,TEST_9,functional,pass,,,,,1,73.24685796407871
LOT001,W01,D0185,10,TEST_10,functional,pass,,,,,1,79.76860664167552
LOT001,W01,D0186,1,TEST_1,parametric,pass,92.82819657845864,80,120,mV,1,77.22017431068359
LOT001,W01,D0186,2,TEST_2,parametric,pass,100.56449294232775,90,130,mV,1,23.837911949588097
LOT001,W01,D0186,3,TEST_3,parametric,pass,115.65741546119209,100,140,mV,1,17.87688081407787
LOT001,W01,D0186,4,TEST_4,parametric,pass,131.1375478458089,110,150,mV,1,14.884126380229693
LOT001,W01,D0186,5,TEST_5,parametric,pass,141.7524509017593,120,160,mV,1,61.74660648365124
LOT001,W01,D0186,6,TEST_6,parametric,pass,143.85502546156212,130,170,mV,1,30.4881071447491
LOT001,W01,D0186,7,TEST_7,parametric,pass,159.73088417389536,140,180,mV,1,66.71955381632091
LOT001,W01,D0186,8,TEST_8,functional,pass,,,,,1,11.520187147372715
LOT001,W01,D0186,9,TEST_9,functional,pass,,,,,1,58.13509330549019
LOT001,W01,D0186,10,TEST_10,functional,pass,,,,,1,65.6514423019542
LOT001,W01,D0187,1,TEST_1,parametric,pass,104.94786724387933,80,120,mV,1,78.03645370256596
LOT001,W01,D0187,2,TEST_2,parametric,pass,103.32868768492814,90,130,mV,1,16.53305003190794
LOT001,W01,D0187,3,TEST_3,parametric,pass,116.02011884958063,100,140,mV,1,93.52429751497004
LOT001,W01,D0187,4,TEST_4,parametric,pass,136.908353072464,110,150,mV,1,37.1215638860384
LOT001,W01,D0187,5,TEST_5,parametric,pass,145.4380551478971,120,160,mV,1,17.785469929401344
LOT001,W01,D0187,6,TEST_6,parametric,pass,150.51409952657343,130,170,mV,1,45.560193240575586
LOT001,W01,D0187,7,TEST_7,parametric,pass,154.6596283739218,140,180,mV,1,69.46508484165165
LOT001,W01,D0187,8,TEST_8,functional,pass,,,,,1,58.01209874293145
LOT001,W01,D0187,9,TEST_9,functional,pass,,,,,1,45.18933088860913
LOT001,W01,D0187,10,TEST_10,functional,pass,,,,,1,59.115202177674036
LOT001,W01,D0188,1,TEST_1,parametric,pass,102.70198632106957,80,120,mV,1,70.95601409545563
LOT001,W01,D0188,2,TEST_2,parametric,pass,109.30867699865637,90,130,mV,1,92.27520247461561
LOT001,W01,D0188,3,TEST_3,parametric,pass,122.25603849535032,100,140,mV,1,43.58174634102916
LOT001,W01,D0188,4,TEST_4,parametric,pass,122.23778162585808,110,150,mV,1,95.45185931774614
LOT001,W01,D0188,5,TEST_5,parametric,pass,133.99314138341114,120,160,mV,1,21.09116430401491
LOT001,W01,D0188,6,TEST_6,parametric,pass,147.900110335259,130,170,mV,1,10.45268551666046
LOT001,W01,D0188,7,TEST_7,parametric,pass,154.9034610844579,140,180,mV,1,95.22814503059847
LOT001,W01,D0188,8,TEST_8,functional,pass,,,,,1,77.3466928059514
LOT001,W01,D0188,9,TEST_9,functional,pass,,,,,1,40.94664848637822
LOT001,W01,D0188,10,TEST_10,functional,pass,,,,,1,68.13383532040787
LOT001,W01,D0189,1,TEST_1,parametric,pass,96.45837255570567,80,120,mV,1,56.12974250928283
LOT001,W01,D0189,2,TEST_2,parametric,pass,111.87451737600773,90,130,mV,1,85.12735301812559
LOT001,W01,D0189,3,TEST_3,parametric,pass,122.993290657266,100,140,mV,1,27.48935938116929
LOT001,W01,D0189,4,TEST_4,parametric,pass,133.74812711020826,110,150,mV,1,86.70260149907281
LOT001,W01,D0189,5,TEST_5,parametric,pass,148.1448464893016,120,160,mV,1,86.62489501829268
LOT001,W01,D0189,6,TEST_6,parametric,pass,164.64747484170732,130,170,mV,1,51.51386833206345
LOT001,W01,D0189,7,TEST_7,parametric,pass,153.37198788203597,140,180,mV,1,59.46981487112501
LOT001,W01,D0189,8,TEST_8,functional,pass,,,,,1,16.062648166432123
LOT001,W01,D0189,9,TEST_9,functional,pass,,,,,1,75.30303316007263
LOT001,W01,D0189,10,TEST_10,functional,pass,,,,,1,39.77658385144511
LOT001,W01,D0190,1,TEST_1,parametric,pass,105.0560410087126,80,120,mV,1,19.004055154788063
LOT001,W01,D0190,2,TEST_2,parametric,pass,115.26455956125707,90,130,mV,1,65.75641994388997
LOT001,W01,D0190,3,TEST_3,parametric,pass,123.53951058315998,100,140,mV,1,50.55813803934415
LOT001,W01,D0190,4,TEST_4,parametric,pass,127.43242242573625,110,150,mV,1,65.47081872335079
LOT001,W01,D0190,5,TEST_5,parametric,pass,137.72985777830522,120,160,mV,1,60.89968071145989
LOT001,W01,D0190,6,TEST_6,parametric,pass,156.222570531776,130,170,mV,1,42.80440921107663
LOT001,W01,D0190,7,TEST_7,parametric,pass,157.85950534282765,140,180,mV,1,10.434869439820424
LOT001,W01,D0190,8,TEST_8,functional,pass,,,,,1,29.937313378586776
LOT001,W01,D0190,9,TEST_9,functional,pass,,,,,1,49.251165948071964
LOT001,W01,D0190,10,TEST_10,functional,pass,,,,,1,22.087524914459998
LOT001,W01,D0191,1,TEST_1,parametric,pass,104.83487065382809,80,120,mV,1,75.96755161762732
LOT001,W01,D0191,2,TEST_2,parametric,pass,114.01250341547005,90,130,mV,1,42.28674419022371
LOT001,W01,D0191,3,TEST_3,parametric,pass,116.13043156496948,100,140,mV,1,37.492461680080176
LOT001,W01,D0191,4,TEST_4,parametric,pass,127.05350981008522,110,150,mV,1,64.59648994637752
LOT001,W01,D0191,5,TEST_5,parametric,pass,139.00829015763193,120,160,mV,1,85.76136958044346
LOT001,W01,D0191,6,TEST_6,parametric,pass,151.73329181349774,130,170,mV,1,58.475623337022014
LOT001,W01,D0191,7,TEST_7,parametric,pass,157.86999037690703,140,180,mV,1,33.6911185534225
LOT001,W01,D0191,8,TEST_8,functional,pass,,,,,1,16.881614070149382
LOT001,W01,D0191,9,TEST_9,functional,pass,,,,,1,11.676726538411181
LOT001,W01,D0191,10,TEST_10,functional,pass,,,,,1,12.807480790747817
LOT001,W01,D0192,1,TEST_1,parametric,pass,95.5636650142932,80,120,mV,1,63.10326806566462
LOT001,W01,D0192,2,TEST_2,parametric,pass,107.49202738498275,90,130,mV,1,91.56732196583648
LOT001,W01,D0192,3,TEST_3,parametric,pass,114.06474380433475,100,140,mV,1,99.88553575106666
LOT001,W01,D0192,4,TEST_4,parametric,pass,128.0055820320922,110,150,mV,1,52.48935557046333
LOT001,W01,D0192,5,TEST_5,parametric,pass,140.75232975291607,120,160,mV,1,30.097598286191953
LOT001,W01,D0192,6,TEST_6,parametric,pass,145.2877802899237,130,170,mV,1,79.49303592044164
LOT001,W01,D0192,7,TEST_7,parametric,pass,159.56379459966604,140,180,mV,1,51.82310279534075
LOT001,W01,D0192,8,TEST_8,functional,pass,,,,,1,45.71066418847367
LOT001,W01,D0192,9,TEST_9,functional,pass,,,,,1,69.6410640440827
LOT001,W01,D0192,10,TEST_10,functional,pass,,,,,1,82.58860512351086
LOT001,W01,D0193,1,TEST_1,parametric,pass,95.87633012378426,80,120,mV,1,65.26323789041153
LOT001,W01,D0193,2,TEST_2,parametric,pass,113.03067294005466,90,130,mV,1,50.15983994551016
LOT001,W01,D0193,3,TEST_3,parametric,pass,125.18713967844816,100,140,mV,1,26.12306655177587
LOT001,W01,D0193,4,TEST_4,parametric,pass,136.96079038702229,110,150,mV,1,97.09620038537618
LOT001,W01,D0193,5,TEST_5,parametric,pass,137.67584935485073,120,160,mV,1,76.2327827951342
LOT001,W01,D0193,6,TEST_6,parametric,pass,145.31145295930412,130,170,mV,1,29.693720553312552
LOT001,W01,D0193,7,TEST_7,parametric,pass,160.48772090925442,140,180,mV,1,53.887793353628304
LOT001,W01,D0193,8,TEST_8,functional,pass,,,,,1,43.24916669027269
LOT001,W01,D0193,9,TEST_9,functional,fail,,,,,5,56.60967068147173
LOT001,W01,D0193,10,TEST_10,functional,pass,,,,,1,44.92837989531964
LOT001,W01,D0194,1,TEST_1,parametric,pass,108.9839721609517,80,120,mV,1,13.591422872640788
LOT001,W01,D0194,2,TEST_2,parametric,pass,104.9056602008434,90,130,mV,1,68.36722738419772
LOT001,W01,D0194,3,TEST_3,parametric,pass,130.47592675886193,100,140,mV,1,67.02102835974279
LOT001,W01,D0194,4,TEST_4,parametric,pass,137.9404292745854,110,150,mV,1,34.61457837476212
LOT001,W01,D0194,5,TEST_5,parametric,pass,139.6659887443691,120,160,mV,1,61.31441366409125
LOT001,W01,D0194,6,TEST_6,parametric,pass,143.43487964158368,130,170,mV,1,43.8993612589745
LOT001,W01,D0194,7,TEST_7,parametric,pass,155.19086206277382,140,180,mV,1,90.84039557868404
LOT001,W01,D0194,8,TEST_8,functional,pass,,,,,1,32.64277692041985
LOT001,W01,D0194,9,TEST_9,functional,pass,,,,,1,30.060932908009434
LOT001,W01,D0194,10,TEST_10,functional,pass,,,,,1,83.55130887102148
LOT001,W01,D0195,1,TEST_1,parametric,pass,104.60106796185664,80,120,mV,1,41.052909074854405
LOT001,W01,D0195,2,TEST_2,parametric,pass,112.76607521658993,90,130,mV,1,10.593791791538353
LOT001,W01,D0195,3,TEST_3,parametric,pass,109.92809153863098,100,140,mV,1,89.3830818869706
LOT001,W01,D0195,4,TEST_4,parametric,pass,126.63978108801386,110,150,mV,1,56.308714582867395
LOT001,W01,D0195,5,TEST_5,parametric,pass,141.33287938883942,120,160,mV,1,35.27285575148865
LOT001,W01,D0195,6,TEST_6,parametric,pass,151.7161957747476,130,170,mV,1,64.18182488200995
LOT001,W01,D0195,7,TEST_7,parametric,pass,162.36965987040944,140,180,mV,1,83.52595679946035
LOT001,W01,D0195,8,TEST_8,functional,pass,,,,,1,47.31523165855956
LOT001,W01,D0195,9,TEST_9,functional,pass,,,,,1,20.20048278075828
LOT001,W01,D0195,10,TEST_10,functional,pass,,,,,1,53.11190470280762
LOT001,W01,D0196,1,TEST_1,parametric,pass,93.92484420981019,80,120,mV,1,46.98092864468801
LOT001,W01,D0196,2,TEST_2,parametric,pass,106.10210628243874,90,130,mV,1,31.930327667914256
LOT001,W01,D0196,3,TEST_3,parametric,pass,124.64976945824183,100,140,mV,1,22.125164320011713
LOT001,W01,D0196,4,TEST_4,parametric,pass,134.82148035506634,110,150,mV,1,56.13785344009978
LOT001,W01,D0196,5,TEST_5,parametric,pass,142.1803854756539,120,160,mV,1,24.970722967709357
LOT001,W01,D0196,6,TEST_6,parametric,pass,148.21455915903925,130,170,mV,1,93.02021835895908
LOT001,W01,D0196,7,TEST_7,parametric,pass,154.92901628486683,140,180,mV,1,97.23193184081035
LOT001,W01,D0196,8,TEST_8,functional,pass,,,,,1,89.06580846577329
LOT001,W01,D0196,9,TEST_9,functional,pass,,,,,1,83.91729791098025
LOT001,W01,D0196,10,TEST_10,functional,pass,,,,,1,29.493407610269653
LOT001,W01,D0197,1,TEST_1,parametric,pass,99.4678548451432,80,120,mV,1,64.58733081333207
LOT001,W01,D0197,2,TEST_2,parametric,pass,104.36011153761162,90,130,mV,1,29.74274333367289
LOT001,W01,D0197,3,TEST_3,parametric,pass,121.0240421843671,100,140,mV,1,46.96901667174312
LOT001,W01,D0197,4,TEST_4,parametric,pass,134.12592436155114,110,150,mV,1,79.07411013818958
LOT001,W01,D0197,5,TEST_5,parametric,pass,145.16408650909744,120,160,mV,1,66.08905650204709
LOT001,W01,D0197,6,TEST_6,parametric,pass,146.9772235415242,130,170,mV,1,71.7032047423751
LOT001,W01,D0197,7,TEST_7,parametric,pass,159.79447014132973,140,180,mV,1,93.01167503604526
LOT001,W01,D0197,8,TEST_8,functional,pass,,,,,1,16.195860733712024
LOT001,W01,D0197,9,TEST_9,functional,pass,,,,,1,21.899187861169207
LOT001,W01,D0197,10,TEST_10,functional,fail,,,,,10,87.3632522809545
LOT001,W01,D0198,1,TEST_1,parametric,pass,94.78480361454663,80,120,mV,1,23.460507426381042
LOT001,W01,D0198,2,TEST_2,parametric,pass,109.85711111364097,90,130,mV,1,18.6668719050884
LOT001,W01,D0198,3,TEST_3,parametric,pass,113.17322130552274,100,140,mV,1,13.513290725631542
LOT001,W01,D0198,4,TEST_4,parametric,pass,131.04307014181157,110,150,mV,1,80.54814113548916
LOT001,W01,D0198,5,TEST_5,parametric,pass,137.50039615898805,120,160,mV,1,53.40168416012328
LOT001,W01,D0198,6,TEST_6,parametric,pass,149.94770558010745,130,170,mV,1,21.72959566994479
LOT001,W01,D0198,7,TEST_7,parametric,pass,152.5382644962248,140,180,mV,1,90.72720575627785
LOT001,W01,D0198,8,TEST_8,functional,pass,,,,,1,68.43085615958805
LOT001,W01,D0198,9,TEST_9,functional,pass,,,,,1,43.33397052239021
LOT001,W01,D0198,10,TEST_10,functional,fail,,,,,10,48.60606380294086
LOT001,W01,D0199,1,TEST_1,parametric,pass,94.32578477245168,80,120,mV,1,94.45794651066524
LOT001,W01,D0199,2,TEST_2,parametric,pass,101.49845377109128,90,130,mV,1,41.546603240179465
LOT001,W01,D0199,3,TEST_3,parametric,pass,120.9589441645634,100,140,mV,1,82.41589350048797
LOT001,W01,D0199,4,TEST_4,parametric,pass,137.974291063719,110,150,mV,1,61.85087352092952
LOT001,W01,D0199,5,TEST_5,parametric,pass,134.78757158262786,120,160,mV,1,48.294045716892775
LOT001,W01,D0199,6,TEST_6,parametric,pass,149.75816811903226,130,170,mV,1,91.90768210079365
LOT001,W01,D0199,7,TEST_7,parametric,pass,168.51663566071232,140,180,mV,1,17.543582286640998
LOT001,W01,D0199,8,TEST_8,functional,pass,,,,,1,58.93579197509738
LOT001,W01,D0199,9,TEST_9,functional,pass,,,,,1,10.492250873322742
LOT001,W01,D0199,10,TEST_10,functional,pass,,,,,1,10.640267148754315
